Inning,Over.Ball,Over,Ball,Bowler,Batter,Runs,Outcome,Is Four,Is Six,Is Wicket,Is Extra,Extra Type,Commentary
Pakistan 1st Inning,33.4,33,4,Jofra Archer,Mohammad Abbas,0,no run,No,No,No,No,,"Dot ball !! fast ball,  good length,  on the stumps,  Jofra Archer bowls a sharp delivery,  and Mohammad Abbas goes forward to defend the ball,  but the ball nips away and beats the bat,  leaving the batter stranded."
Pakistan 1st Inning,33.3,33,3,Jofra Archer,Mohammad Ali,1,1 run,No,No,No,No,,"Mohammad Ali goes forward to take fast ball of full length aimed on the stumps,  executing a confident flick shot that sent the ball sailing towards deep mid wicket for 1 run."
Pakistan 1st Inning,33.2,33,2,Jofra Archer,Mohammad Ali,0,no run,No,No,No,No,,"Dot ball !! bouncer,  back of length,  on the stumps,  Jofra Archer sends down a sharp delivery,  Mohammad Ali goes back to defend it,  but mistimes the shot,  beats the bat,  leaving the batter confused."
Pakistan 1st Inning,33.1,33,1,Jofra Archer,Mohammad Ali,2,2 runs,No,No,No,No,,"Mohammad Ali goes forward and plays a well-timed push off an fast ball delivers at a good length by the bowler,  but the ball lands safely in the hands of the fielder at deep cover for 2 runs."
Pakistan 1st Inning,32.6,32,6,Josh Tongue,Mohammad Abbas,0,no run,No,No,No,No,,"Dot ball !! fast ball,  full length,  on the off stump,  Mohammad Abbas goes forward,  tucks defensive shot toward the fielder at short cover,  who halts the ball."
Pakistan 1st Inning,32.5,32,5,Josh Tongue,Mohammad Abbas,0,no run,No,No,No,No,,"Dot ball !! fast ball,  yorker,  on the stumps,  Mohammad Abbas goes forward,  dabs defensive shot with soft hands toward short cover,  but the fielder is quick to react,  thwarts the ball."
Pakistan 1st Inning,32.4,32,4,Josh Tongue,Mohammad Abbas,0,no run,No,No,No,No,,"Dot ball !! fast ball,  good length,  on the off stump,  Mohammad Abbas goes back,  tucks it toward the fielder at point,  who blocks the ball right away."
Pakistan 1st Inning,32.3,32,3,Josh Tongue,Mohammad Abbas,4,Four,Yes,No,No,No,,"Four !! fast ball,  full length,  on the off stump. Mohammad Abbas hangs in the crease,  hits drive in the gap towards deep point,  and ball finds the ropes in a flash for four."
Pakistan 1st Inning,32.2,32,2,Josh Tongue,Mohammad Abbas,4,Four,Yes,No,No,No,,"Four !! fast ball,  yorker,  on the leg stump. Mohammad Abbas goes back,  hits flick shot in the gap towards deep square leg,  and ball finds the ropes in a flash for four."
Pakistan 1st Inning,32.1,32,1,Josh Tongue,Mohammad Abbas,0,no run,No,No,Yes,No,,"Dot Ball !! outswinger,  good length,  on the stumps,  and Mohammad Abbas hangs on and tries to hit defensive shot,  but misses it completely as ball beats the bat,  goes to the keeper."
Pakistan 1st Inning,31.6,31,6,Jofra Archer,Mohammad Abbas,3,3 runs,No,No,No,No,,"Mohammad Abbas goes forward and plays a well-timed drive off an fast ball delivers at a fulltoss by the bowler,  but the ball lands safely in the hands of the fielder at deep cover for 3 runs."
Pakistan 1st Inning,31.5,31,5,Jofra Archer,Mohammad Abbas,0,no run,No,No,No,No,,"Dot ball !! fast ball,  yorker,  on the stumps,  Mohammad Abbas goes forward,  tucks defensive shot toward the fielder at short cover,  who halts the ball."
Pakistan 1st Inning,31.4,31,4,Jofra Archer,Mohammad Abbas,0,no run,No,No,No,No,,"Dot ball !! ,  good length,  on the off stump,  Mohammad Abbas goes forward,  tucks defensive shot toward the fielder at point,  who halts the ball."
Pakistan 1st Inning,31.3,31,3,Jofra Archer,Mohammad Ali,1,1 run,No,No,No,No,,"Mohammad Ali goes back and plays a well-timed defensive shot off an fast ball delivers at a good length by the bowler,  but the ball lands safely in the hands of the fielder at deep mid wicket for 1 run."
Pakistan 1st Inning,31.2,31,2,Jofra Archer,Mohammad Ali,0,no run,No,No,No,No,,"Dot ball !! fast ball,  good length,  on the stumps,  Mohammad Ali goes forward,  dabs defensive shot with soft hands toward short cover,  but the fielder is quick to react,  thwarts the ball."
Pakistan 1st Inning,31.1,31,1,Jofra Archer,Mohammad Ali,0,no run,No,No,No,No,,"Dot ball !! fast ball,  good length,  on the stumps,  goes back,  plays defensive shot to the short mid wicket."
Pakistan 1st Inning,30.6,30,6,Josh Tongue,Mohammad Abbas,0,no run,No,No,No,No,,"Dot ball !! fast ball,  good length,  on the off stump,  goes forward,  plays defensive shot to the short cover."
Pakistan 1st Inning,30.5,30,5,Josh Tongue,Mohammad Abbas,4,Four,Yes,No,No,No,,"Four !! fast ball,  good length,  on the off stump. Mohammad Abbas goes back,  hits cut in the gap towards third man,  and ball finds the ropes in a flash for four."
Pakistan 1st Inning,30.4,30,4,Josh Tongue,Mohammad Abbas,0,no run,No,No,Yes,No,,"Dot ball !! outswinger,  good length,  on the off stump,  Josh Tongue sends down a delivery outside the off stump,  and Mohammad Abbas hangs in the crease and watches it closely,  deciding to let ball go to the keeper."
Pakistan 1st Inning,30.3,30,3,Josh Tongue,Mohammad Abbas,0,no run,No,No,No,No,,"Dot ball !! fast ball,  good length,  on the off stump,  goes forward,  tried defensive shot but fails to get bat on it."
Pakistan 1st Inning,30.2,30,2,Josh Tongue,Mohammad Abbas,0,no run,No,No,Yes,No,,"Dot ball !! bouncer,  back of length,  on the off stump,  Josh Tongue sends down a delivery outside the off stump,  and Mohammad Abbas hangs in the crease and watches it closely,  deciding to let ball go to the keeper."
Pakistan 1st Inning,30.1,30,1,Josh Tongue,Mohammad Abbas,0,no run,No,No,Yes,No,,"Dot ball !! bouncer,  back of length,  on the off stump,  Josh Tongue sends down a delivery outside the off stump,  and Mohammad Abbas hangs in the crease and watches it closely,  deciding to let ball go to the keeper."
Pakistan 1st Inning,29.6,29,6,Jofra Archer,Mohammad Ali,0,no run,No,No,No,No,,"Dot ball !! fast ball,  fulltoss,  on the leg stump,  Mohammad Ali hangs in the crease to the delivery,  tries to defend it with full face of the bat,  but the ball jags away at the last moment,  beating the bat."
Pakistan 1st Inning,29.5,29,5,Jofra Archer,Mohammad Ali,0,no run,No,No,No,No,,"Dot Ball !! fast ball,  yorker,  on the off stump,  and Mohammad Ali hangs on and tries to hit defensive shot,  but misses it completely as ball beats the bat,  goes to the keeper."
Pakistan 1st Inning,29.4,29,4,Jofra Archer,Mohammad Ali,0,no run,No,No,No,No,,"Dot ball !! fast ball,  good length,  on the stumps,  Mohammad Ali goes forward and dabs defensive shot with soft hands,  but the fielder is quick to react and thwarts the ball."
Pakistan 1st Inning,29.3,29,3,Jofra Archer,Mohammad Ali,0,no run,No,No,No,No,,"Dot ball !! inswinger,  good length,  on the leg stump,  Jofra Archer sends down a sharp delivery,  Mohammad Ali hangs in the crease to defend it,  but mistimes the shot,  beats the bat,  leaving the batter confused."
Pakistan 1st Inning,29.2,29,2,Jofra Archer,Mohammad Ali,0,no run,No,No,No,No,,"Dot ball !! fast ball,  good length,  on the off stump,  Jofra Archer sends down a sharp delivery,  Mohammad Ali goes forward to defend it,  but mistimes the shot,  beats the bat,  leaving the batter confused."
Pakistan 1st Inning,29.1,29,1,Jofra Archer,Mohammad Ali,0,no run,No,No,No,No,,"Dot ball !! fast ball,  back of length,  on the off stump,  Mohammad Ali goes back,  tucks defensive shot toward the fielder at point,  who halts the ball."
Pakistan 1st Inning,28.6,28,6,Josh Tongue,Mohammad Abbas,0,no run,No,No,No,No,,"Dot Ball !! fast ball,  good length,  on the off stump,  and Mohammad Abbas hangs on and tries to hit defensive shot,  but misses it completely as ball beats the bat,  goes to the keeper."
Pakistan 1st Inning,28.5,28,5,Josh Tongue,Mohammad Abbas,0,no run,No,No,No,No,,"Dot Ball !! fast ball,  good length,  on the off stump,  and Mohammad Abbas hangs on and tries to hit defensive shot,  but misses it completely as ball beats the bat,  goes to the keeper."
Pakistan 1st Inning,28.4,28,4,Josh Tongue,Mohammad Abbas,0,no run,No,No,No,No,,"Dot Ball !! fast ball,  good length,  on the off stump,  and Mohammad Abbas hangs on and tries to hit defensive shot,  but misses it completely as ball beats the bat,  goes to the keeper."
Pakistan 1st Inning,28.3,28,3,Josh Tongue,Mohammad Abbas,0,no run,No,No,No,No,,"Dot ball !! fast ball,  yorker,  on the off stump,  Mohammad Abbas goes forward,  tucks defensive shot toward the fielder at short cover,  who halts the ball."
Pakistan 1st Inning,28.2,28,2,Josh Tongue,Mohammad Ali,1,1 run,No,No,No,No,,"Mohammad Ali goes forward to take fast ball of full length aimed on the off stump,  executing a confident defensive shot that sent the ball sailing towards short mid wicket for 1 run."
Pakistan 1st Inning,28.1,28,1,Josh Tongue,Mohammad Ali,0,no run,No,No,No,No,,"Dot ball !! fast ball,  full length,  on the stumps,  goes forward,  plays push to the mid on."
Pakistan 1st Inning,27.6,27,6,Ollie Robinson,Mohammad Abbas,0,no run,No,No,No,No,,"Dot ball !! fast ball,  yorker,  on the off stump,  Ollie Robinson sends down a sharp delivery,  Mohammad Abbas hangs in the crease to defend it,  but mistimes the shot,  beats the bat,  leaving the batter confused."
Pakistan 1st Inning,27.5,27,5,Ollie Robinson,Mohammad Abbas,2,2 runs,No,No,No,No,,"Ollie Robinson delivers fast ball at full length,  Mohammad Abbas goes back and tucks it. But the ball is stopped by the fielder standing at the deep mid wicket,  limits Mohammad Abbas to just 2 runs."
Pakistan 1st Inning,27.4,27,4,Ollie Robinson,Mohammad Abbas,0,no run,No,No,No,No,,"Dot ball !! fast ball,  back of length,  on the stumps,  Mohammad Abbas goes forward,  tucks defensive shot toward the fielder at short cover,  who halts the ball."
Pakistan 1st Inning,27.3,27,3,Ollie Robinson,Mohammad Abbas,0,no run,No,No,No,No,,"Dot ball !! fast ball,  good length,  on the off stump,  Mohammad Abbas goes back,  tucks cut toward the fielder at slip,  who halts the ball."
Pakistan 1st Inning,27.2,27,2,Ollie Robinson,Mohammad Abbas,4,Four,Yes,No,No,No,,"Four !! fast ball,  full length,  on the off stump,  Mohammad Abbas goes forward,  plays drive in the air to deep cover. Ball finds the ropes for four."
Pakistan 1st Inning,27.1,27,1,Ollie Robinson,Mohammad Abbas,0,no run,No,No,No,No,,"Dot ball !! fast ball,  good length,  on the stumps,  Mohammad Abbas hangs in the crease,  tucks it toward the fielder at short mid wicket,  who blocks the ball right away."
Pakistan 1st Inning,26.6,26,6,Josh Tongue,Mohammad Ali,0,no run,No,No,No,No,,"Dot ball !! fast ball,  good length,  on the stumps,  Mohammad Ali goes forward,  dabs defensive shot with soft hands toward short mid wicket,  but the fielder is quick to react,  thwarts the ball."
Pakistan 1st Inning,26.5,26,5,Josh Tongue,Mohammad Ali,0,no run,No,No,No,No,,"Dot Ball !! inswinger,  good length,  on the off stump,  and Mohammad Ali hangs on and tries to hit defensive shot,  but misses it completely as ball beats the bat,  goes to the keeper."
Pakistan 1st Inning,26.4,26,4,Josh Tongue,Mohammad Ali,0,no run,No,No,No,No,,"Dot ball !! fast ball,  full length,  on the off stump,  goes forward,  plays defensive shot."
Pakistan 1st Inning,26.3,26,3,Josh Tongue,Mohammad Ali,0,no run,No,No,No,No,,"Dot ball !! fast ball,  good length,  on the leg stump,  Mohammad Ali hangs in the crease to the delivery,  tries to defend it with full face of the bat,  but the ball jags away at the last moment,  beating the bat."
Pakistan 1st Inning,26.2,26,2,Josh Tongue,Mohammad Ali,0,no run,No,No,No,No,,"Dot ball !! fast ball,  good length,  on the off stump,  Mohammad Ali goes forward to the delivery,  tries to defend it with full face of the bat,  but the ball jags away at the last moment,  beating the bat."
Pakistan 1st Inning,25.6,25,6,Ollie Robinson,Mohammad Abbas,0,no run,No,No,No,No,,"Dot ball !! fast ball,  full length,  on the off stump,  Mohammad Abbas hangs in the crease to make a room for himself,  but left it alone for the keeper to collect at the last moment."
Pakistan 1st Inning,25.5,25,5,Ollie Robinson,Mohammad Abbas,0,no run,No,No,No,No,,"Dot ball !! fast ball,  good length,  on the off stump,  Mohammad Abbas goes forward,  dabs defensive shot with soft hands toward short cover,  but the fielder is quick to react,  thwarts the ball."
Pakistan 1st Inning,25.4,25,4,Ollie Robinson,Mohammad Abbas,0,no run,No,No,No,No,,"Dot ball !! fast ball,  good length,  on the off stump,  goes forward,  plays defensive shot to the short cover."
Pakistan 1st Inning,25.3,25,3,Ollie Robinson,Mohammad Abbas,0,no run,No,No,No,No,,"Dot ball !! fast ball,  good length,  on the stumps,  Mohammad Abbas goes forward,  tucks defensive shot toward the fielder at short cover,  who halts the ball."
Pakistan 1st Inning,25.2,25,2,Ollie Robinson,Mohammad Abbas,0,no run,No,No,No,No,,"Dot ball !! fast ball,  full length,  on the stumps,  goes forward,  plays defensive shot to the short cover."
Pakistan 1st Inning,25.1,25,1,Ollie Robinson,Mohammad Abbas,0,no run,No,No,No,No,,"Dot ball !! fast ball,  good length,  on the off stump,  Mohammad Abbas goes forward,  dabs defensive shot with soft hands toward slip,  but the fielder is quick to react,  thwarts the ball."
Pakistan 1st Inning,24.6,24,6,Josh Tongue,Saud Shakeel,0,no run,No,No,No,No,,"Dot ball !! fast ball,  back of length,  on the off stump,  goes back,  plays pull to the mid on."
Pakistan 1st Inning,24.5,24,5,Josh Tongue,Saud Shakeel,0,no run,No,No,No,No,,"Dot ball !! fast ball,  good length,  on the stumps,  goes forward,  plays flick shot to the short mid wicket."
Pakistan 1st Inning,24.4,24,4,Josh Tongue,Saud Shakeel,2,2 runs,No,No,No,No,,"Saud Shakeel goes forward to take fast ball of full length aimed on the leg stump,  executing a confident flick shot that sent the ball sailing towards deep mid wicket for 2 runs."
Pakistan 1st Inning,24.3,24,3,Josh Tongue,Saud Shakeel,4,Four,Yes,No,No,No,,"Four !! fast ball,  back of length,  on the off stump. Saud Shakeel goes back,  hits cut in the gap towards deep point,  and ball finds the ropes in a flash for four."
Pakistan 1st Inning,24.2,24,2,Josh Tongue,Saud Shakeel,0,no run,No,No,No,No,,"Dot ball !! fast ball,  good length,  on the off stump,  Saud Shakeel goes forward,  tucks defensive shot toward the fielder at mid on,  who halts the ball."
Pakistan 1st Inning,24.1,24,1,Josh Tongue,Saud Shakeel,0,no run,No,No,No,No,,"Dot ball !! fast ball,  full length,  on the off stump,  goes forward,  plays drive to the deep cover."
Pakistan 1st Inning,23.6,23,6,Ollie Robinson,Mohammad Abbas,0,no run,No,No,No,No,,"Dot ball !! fast ball,  good length,  on the stumps,  Mohammad Abbas goes forward,  tucks defensive shot toward the fielder at deep mid wicket,  who halts the ball."
Pakistan 1st Inning,23.5,23,5,Ollie Robinson,Mohammad Abbas,0,no run,No,No,No,No,,"Dot Ball !! fast ball,  good length,  on the off stump,  and Mohammad Abbas hangs on and tries to hit defensive shot,  but misses it completely as ball beats the bat,  goes to the keeper."
Pakistan 1st Inning,23.4,23,4,Ollie Robinson,Mohammad Abbas,0,no run,No,No,Yes,No,,"Dot ball !! outswinger,  good length,  on the off stump,  Mohammad Abbas hangs in the crease to make a room for himself,  but left it alone for the keeper to collect at the last moment."
Pakistan 1st Inning,23.2,23,2,Ollie Robinson,Saud Shakeel,0,1 leg bye,No,No,No,Yes,leg_bye,"Leg Bye !! fast ball,  full length,  on the leg stump,  Saud Shakeel goes forward,  aims to slam flick shot,  but deflect off the pads,  and batter steals a leg bye for 1 run."
Pakistan 1st Inning,23.1,23,1,Ollie Robinson,Saud Shakeel,0,no run,No,No,No,No,,"Dot ball !! fast ball,  good length,  on the leg stump,  Saud Shakeel goes forward to the delivery,  tries to defend it with full face of the bat,  but the ball jags away at the last moment,  beating the bat."
Pakistan 1st Inning,22.6,22,6,Josh Tongue,Razaullah,4,Four,Yes,No,No,No,,"Four !! fast ball,  good length,  on the off stump,  hangs in the crease,  plays in the gap to the deep cover for four."
Pakistan 1st Inning,22.5,22,5,Josh Tongue,Razaullah,0,no run,No,No,Yes,No,,"Dot ball !! outswinger,  full length,  on the off stump,  Josh Tongue sends down a sharp delivery,  Razaullah hangs in the crease to defend it,  but mistimes the shot,  beats the bat,  leaving the batter confused."
Pakistan 1st Inning,22.4,22,4,Josh Tongue,Razaullah,0,no run,No,No,No,No,,"Dot ball !! fast ball,  good length,  on the off stump,  goes forward,  plays defensive shot to the point."
Pakistan 1st Inning,22.3,22,3,Josh Tongue,Razaullah,0,no run,No,No,No,No,,"Dot ball !! fast ball,  full length,  on the off stump,  Razaullah goes forward,  tucks defensive shot toward the fielder at short cover,  who halts the ball."
Pakistan 1st Inning,22.2,22,2,Josh Tongue,Razaullah,0,no run,No,No,No,No,,"Dot ball !! fast ball,  good length,  on the off stump,  hangs in the crease,  tries to play but misses to get the bat on it."
Pakistan 1st Inning,22.1,22,1,Josh Tongue,Razaullah,4,Four,Yes,No,No,No,,"Four !! fast ball,  back of length,  on the off stump. Razaullah goes back,  hits pull in the gap towards deep mid wicket,  and ball finds the ropes in a flash for four."
Pakistan 1st Inning,21.6,21,6,Ollie Robinson,Razaullah,1,1 run,No,No,No,No,,"An accurately pitched inswinger on the off stump,  Razaullah goes forward to make a confident defensive shot,  but gets an edge,  and the ball goes towards square leg for 1 run."
Pakistan 1st Inning,21.5,21,5,Ollie Robinson,Razaullah,0,no run,No,No,No,No,,"Dot ball !! fast ball,  good length,  on the off stump,  Razaullah goes forward,  dabs defensive shot with soft hands toward slip,  but the fielder is quick to react,  thwarts the ball."
Pakistan 1st Inning,21.4,21,4,Ollie Robinson,Saud Shakeel,0,1 leg bye,No,No,No,Yes,leg_bye,"Leg Bye !! fast ball,  good length,  on the off stump,  Saud Shakeel hangs in the crease,  swats flick shot,  but the ball slides off the body,  batter is quick to avail this leg bye for 1 run."
Pakistan 1st Inning,21.3,21,3,Ollie Robinson,Saud Shakeel,0,4 leg bye,No,No,No,Yes,leg_bye,"Leg Bye !! fast ball,  full length,  on the stumps,  Saud Shakeel hangs in the crease,  aims to play flick shot,  but ball direclty brushes against the body. Batter snatch 4 runs off leg bye."
Pakistan 1st Inning,21.2,21,2,Ollie Robinson,Saud Shakeel,0,no run,No,No,Yes,No,,"Dot ball !! fast ball,  good length,  on the off stump,  Saud Shakeel hangs in the crease to the delivery,  letting it go to the keeper without offering a shot."
Pakistan 1st Inning,21.1,21,1,Ollie Robinson,Saud Shakeel,0,no run,No,No,No,No,,"Dot ball !! fast ball,  good length,  on the off stump,  hangs in the crease,  but decided to leave the ball at last."
Pakistan 1st Inning,20.6,20,6,Josh Tongue,Razaullah,0,no run,No,No,No,No,,"Dot ball !! fast ball,  good length,  on the off stump,  goes forward,  plays defensive shot."
Pakistan 1st Inning,20.5,20,5,Josh Tongue,Razaullah,2,2 runs,No,No,No,No,,"An accurately pitched fast ball on the stumps,  Razaullah goes forward to make a confident drive,  sending the ball towards long on for 2 runs."
Pakistan 1st Inning,20.3,20,3,Josh Tongue,Mohammad Imran Randhawa,0,no run,No,No,No,No,,"Dot Ball !! fast ball,  good length,  on the off stump,  and Mohammad Imran Randhawa hangs on and tries to hit defensive shot,  but misses it completely as ball beats the bat,  goes to the keeper."
Pakistan 1st Inning,20.2,20,2,Josh Tongue,Mohammad Imran Randhawa,0,no run,No,No,No,No,,"Dot ball !! fast ball, back of length,  on the off stump,  Mohammad Imran Randhawa goes back and tucks defensive shot toward the fielder,  who halts the ball."
Pakistan 1st Inning,20.1,20,1,Josh Tongue,Mohammad Imran Randhawa,2,2 runs,No,No,No,No,,"An accurately pitched fast ball on the stumps,  Mohammad Imran Randhawa goes forward to make a confident flick shot,  sending the ball towards deep mid wicket for 2 runs."
Pakistan 1st Inning,19.6,19,6,Gus Atkinson,Mohammad Imran Randhawa,0,1 leg bye,No,No,No,Yes,leg_bye,"Leg Bye !! inswinger,  good length,  on the stumps,  Mohammad Imran Randhawa goes back,  aims to play flick shot,  but ball direclty brushes against the body. Batter snatch 1 runs off leg bye."
Pakistan 1st Inning,19.5,19,5,Gus Atkinson,Mohammad Imran Randhawa,0,no run,No,No,No,No,,"Dot ball !! fast ball,  good length,  on the off stump,  goes forward,  plays defensive shot."
Pakistan 1st Inning,19.4,19,4,Gus Atkinson,Mohammad Imran Randhawa,2,2 runs,No,No,No,No,,"An accurately pitched fast ball on the stumps,  Mohammad Imran Randhawa goes back to make a confident flick shot,  sending the ball towards deep square leg for 2 runs."
Pakistan 1st Inning,19.3,19,3,Gus Atkinson,Mohammad Imran Randhawa,0,no run,No,No,No,No,,"Dot ball !! fast ball,  good length,  on the off stump,  Mohammad Imran Randhawa goes back and slash defensive shot towards slip,  but the fielder reacts promptly and blocks it right away."
Pakistan 1st Inning,19.2,19,2,Gus Atkinson,Mohammad Imran Randhawa,0,no run,No,No,No,No,,"Dot ball !! fast ball,  full length,  on the stumps,  goes forward,  plays defensive shot to the short cover."
Pakistan 1st Inning,19.1,19,1,Gus Atkinson,Mohammad Imran Randhawa,0,no run,No,No,No,No,,"Dot ball !! fast ball,  back of length,  on the off stump,  Mohammad Imran Randhawa goes back and dabs defensive shot,  but the fielder reacts promptly and blocks it right away."
Pakistan 1st Inning,18.6,18,6,Josh Tongue,Mohammad Imran Randhawa,0,1 bye,No,No,No,Yes,bye,"Bye !! inswinger,  good length,  on the leg stump,  Mohammad Imran Randhawa goes forward,  swings it,  but misses the shot and keeper fumbles and batter steals bye for 1 run."
Pakistan 1st Inning,18.5,18,5,Josh Tongue,Mohammad Imran Randhawa,0,no run,No,No,Yes,No,,"Dot ball !! outswinger,  good length,  on the off stump,  Mohammad Imran Randhawa goes forward to make a room for himself,  but left it alone for the keeper to collect at the last moment."
Pakistan 1st Inning,18.4,18,4,Josh Tongue,Saud Shakeel,1,1 run,No,No,No,No,,"An accurately pitched fast ball on the off stump,  Saud Shakeel goes back to make a confident defensive shot,  sending the ball towards short cover for 1 run."
Pakistan 1st Inning,18.3,18,3,Josh Tongue,Saud Shakeel,0,no run,No,No,Yes,No,,"Dot ball !! outswinger,  good length,  on the off stump,  Saud Shakeel hangs in the crease to make a room for himself,  but left it alone for the keeper to collect at the last moment."
Pakistan 1st Inning,18.2,18,2,Josh Tongue,Saud Shakeel,2,2 runs,No,No,No,No,,"Saud Shakeel goes forward to take fast ball of good length aimed on the off stump,  executing a confident defensive shot that sent the ball sailing towards deep point for 2 runs."
Pakistan 1st Inning,18.1,18,1,Josh Tongue,Saud Shakeel,0,no run,No,No,No,No,,"Dot ball !! fast ball,  good length,  on the off stump,  Saud Shakeel goes forward and slash drive towards short cover,  but the fielder reacts promptly and blocks it right away."
Pakistan 1st Inning,17.6,17,6,Gus Atkinson,Saud Shakeel,1,1 run,No,No,No,No,,"Saud Shakeel goes back and plays a well-timed defensive shot off an fast ball delivers at a back of length by the bowler,  but the ball lands safely in the hands of the fielder at square leg for 1 run."
Pakistan 1st Inning,17.5,17,5,Gus Atkinson,Saud Shakeel,4,Four,Yes,No,Yes,No,,"Four !! outswinger,  good length,  on the off stump. Saud Shakeel hangs in the crease,  hits cut in the gap towards deep point,  and ball finds the ropes in a flash for four."
Pakistan 1st Inning,17.4,17,4,Gus Atkinson,Saud Shakeel,0,no run,No,No,No,No,,"Dot ball !! fast ball,  good length,  on the off stump,  Saud Shakeel goes forward,  tucks defensive shot toward the fielder at slip,  who halts the ball."
Pakistan 1st Inning,17.3,17,3,Gus Atkinson,Saud Shakeel,4,Four,Yes,No,Yes,No,,"Four !! outswinger,  full length,  on the off stump. Saud Shakeel goes forward,  hits drive in the gap towards deep cover,  and ball finds the ropes in a flash for four."
Pakistan 1st Inning,17.2,17,2,Gus Atkinson,Mohammad Imran Randhawa,1,1 run,No,No,No,No,,"Mohammad Imran Randhawa goes forward to take inswinger of full length aimed on the off stump,  executing a confident defensive shot that sent the ball sailing towards mid off for 1 run."
Pakistan 1st Inning,17.1,17,1,Gus Atkinson,Saud Shakeel,1,1 run,No,No,No,No,,"Saud Shakeel goes back and plays a well-timed push off an fast ball delivers at a back of length by the bowler,  but the ball lands safely in the hands of the fielder at deep square leg for 1 run."
Pakistan 1st Inning,16.6,16,6,Josh Tongue,Mohammad Imran Randhawa,0,no run,No,No,No,No,,"Dot ball !! inswinger,  good length,  on the off stump,  Mohammad Imran Randhawa goes forward,  tucks defensive shot toward the fielder at point,  who halts the ball."
Pakistan 1st Inning,16.4,16,4,Josh Tongue,Ghazi Ghori,0,no run,No,No,No,No,,"Dot ball !! fast ball,  good length,  on the off stump,  hangs in the crease,  but decided to leave the ball at last."
Pakistan 1st Inning,16.3,16,3,Josh Tongue,Ghazi Ghori,0,no run,No,No,No,No,,"Dot ball !! inswinger,  good length,  on the off stump,  Josh Tongue sends down a sharp delivery,  Ghazi Ghori hangs in the crease to defend it,  but mistimes the shot,  beats the bat,  leaving the batter confused."
Pakistan 1st Inning,16.2,16,2,Josh Tongue,Ghazi Ghori,0,no run,No,No,No,No,,"Dot ball !! inswinger,  full length,  on the stumps,  Ghazi Ghori hangs in the crease and slash flick shot towards square leg,  but the fielder reacts promptly and blocks it right away."
Pakistan 1st Inning,16.1,16,1,Josh Tongue,Ghazi Ghori,4,Four,Yes,No,No,No,,"Four !! fast ball,  back of length,  on the off stump. Ghazi Ghori hangs in the crease,  hits cut in the gap towards deep point,  and ball finds the ropes in a flash for four."
Pakistan 1st Inning,15.6,15,6,Gus Atkinson,Saud Shakeel,0,no run,No,No,No,No,,"Dot ball !! off cutter,  back of length,  on the off stump,  Saud Shakeel goes back,  tucks defensive shot toward the fielder at short mid wicket,  who halts the ball."
Pakistan 1st Inning,15.5,15,5,Gus Atkinson,Saud Shakeel,4,Four,Yes,No,No,No,,"Four !! fast ball,  full length,  on the off stump,  hangs in the crease,  delivers drive in the gap to the deep cover for four."
Pakistan 1st Inning,15.4,15,4,Gus Atkinson,Saud Shakeel,0,no run,No,No,Yes,No,,"Dot ball !! fast ball,  good length,  on the off stump,  Saud Shakeel hangs in the crease to the delivery,  letting it go to the keeper without offering a shot."
Pakistan 1st Inning,15.3,15,3,Gus Atkinson,Saud Shakeel,0,no run,No,No,No,No,,Gus Atkinson sends it down and the batter is unable to find any run.
Pakistan 1st Inning,15.2,15,2,Gus Atkinson,Saud Shakeel,4,Four,Yes,No,No,No,,"Four !! fast ball,  good length,  on the off stump,  Saud Shakeel elegantly hangs in the crease into the shot,  gracefully guides it to deep fine leg region,  the ball speeds away and finds the boundary rope."
Pakistan 1st Inning,15.1,15,1,Gus Atkinson,Saud Shakeel,4,Four,Yes,No,No,No,,"Four !! fast ball,  good length,  on the off stump,  Saud Shakeel hangs in the crease and caresses drive to deep cover,  it raced away to the fence for four."
Pakistan 1st Inning,14.5,14,5,Josh Tongue,Babar Azam,0,no run,No,No,No,No,,"Dot ball !! inswinger,  good length,  on the off stump,  hangs in the crease,  plays defensive shot to the short mid wicket."
Pakistan 1st Inning,14.4,14,4,Josh Tongue,Babar Azam,0,no run,No,No,No,No,,Josh Tongue runs in and delivers a dot ball as the batter defends safely.
Pakistan 1st Inning,14.3,14,3,Josh Tongue,Saud Shakeel,0,1 bye,No,No,No,Yes,bye,"Bye !! inswinger,  good length,  on the stumps,  Saud Shakeel hangs in the crease to take a swing,  the ball beats both batter and keeper,  1 runs off bye."
Pakistan 1st Inning,14.2,14,2,Josh Tongue,Saud Shakeel,4,Four,Yes,No,No,No,,"Four !! fast ball,  good length,  on the off stump,  Saud Shakeel hangs in the crease,  plays drive in the air to deep cover. Ball finds the ropes for four."
Pakistan 1st Inning,14.1,14,1,Josh Tongue,Saud Shakeel,0,no run,No,No,No,No,,"Dot ball !! fast ball,  good length,  on the stumps,  Josh Tongue sends down a sharp delivery,  Saud Shakeel hangs in the crease to defend it,  but mistimes the shot,  beats the bat,  leaving the batter confused."
Pakistan 1st Inning,13.6,13,6,Gus Atkinson,Babar Azam,0,no run,No,No,No,No,,"Dot ball !! fast ball,  good length,  on the off stump,  Babar Azam hangs in the crease and dabs defensive shot,  but the fielder reacts promptly and blocks it right away."
Pakistan 1st Inning,13.5,13,5,Gus Atkinson,Saud Shakeel,1,1 run,No,No,No,No,,"Saud Shakeel hangs in the crease to take fast ball of back of length aimed on the off stump,  executing a textbook cut,  edged!! and the ball sails towards third man for 1 run."
Pakistan 1st Inning,13.4,13,4,Gus Atkinson,Saud Shakeel,0,no run,No,No,No,No,,"Dot ball !! inswinger,  good length,  on the off stump,  Saud Shakeel hangs in the crease,  tucks defensive shot toward the fielder at mid on,  who halts the ball."
Pakistan 1st Inning,13.3,13,3,Gus Atkinson,Babar Azam,1,1 run,No,No,No,No,,"inswinger,  good length,  on the off stump,  hangs in the crease,  plays flick shot,  towards the square leg for 1 run."
Pakistan 1st Inning,13.2,13,2,Gus Atkinson,Babar Azam,0,no run,No,No,No,No,,"Gus Atkinson lands it on a good length around off stump, and the batter defends solidly for no run."
Pakistan 1st Inning,13.1,13,1,Gus Atkinson,Babar Azam,4,Four,Yes,No,No,No,,"Four !! fast ball,  full length,  on the stumps,  Babar Azam hangs in the crease,  plays flick shot in the air to deep square leg. Ball finds the ropes for four."
Pakistan 1st Inning,12.6,12,6,Ollie Robinson,Saud Shakeel,0,no run,No,No,No,No,,"Dot ball !! inswinger,  full length,  on the off stump,  hangs in the crease,  plays defensive shot to the short cover."
Pakistan 1st Inning,12.5,12,5,Ollie Robinson,Saud Shakeel,0,no run,No,No,No,No,,"Dot ball !! fast ball,  good length,  on the off stump,  Saud Shakeel hangs in the crease to the delivery,  tries to defend it with full face of the bat,  but the ball jags away at the last moment,  beating the bat."
Pakistan 1st Inning,12.4,12,4,Ollie Robinson,Saud Shakeel,0,no run,No,No,Yes,No,,"Ollie Robinson lands a full length delivery on the stumps, and the batter keeps it out safely."
Pakistan 1st Inning,12.3,12,3,Ollie Robinson,Saud Shakeel,2,2 runs,No,No,No,No,,"Saud Shakeel hangs in the crease and plays a well-timed pull off an bouncer delivers at a back of length by the bowler,  but the ball lands safely in the hands of the fielder at deep square leg for 2 runs."
Pakistan 1st Inning,12.2,12,2,Ollie Robinson,Saud Shakeel,0,no run,No,No,No,No,,"Dot ball !! fast ball,  full length,  on the off stump,  goes forward,  plays defensive shot to the short cover."
Pakistan 1st Inning,12.1,12,1,Ollie Robinson,Saud Shakeel,0,no run,No,No,No,No,,"Dot ball !! inswinger,  full length,  on the stumps,  Saud Shakeel hangs in the crease,  tucks defensive shot toward the fielder at short mid wicket,  who halts the ball."
Pakistan 1st Inning,11.6,11,6,Gus Atkinson,Babar Azam,0,no run,No,No,No,No,,Gus Atkinson runs in and completes the over with another scoreless delivery to the batter.
Pakistan 1st Inning,11.5,11,5,Gus Atkinson,Babar Azam,0,no run,No,No,No,No,,"Dot ball !! inswinger,  good length,  on the off stump,  Babar Azam goes back,  dabs defensive shot with soft hands toward short mid wicket,  but the fielder is quick to react,  thwarts the ball."
Pakistan 1st Inning,11.4,11,4,Gus Atkinson,Babar Azam,0,no run,No,No,No,No,,"Dot ball !! inswinger,  good length,  on the off stump,  Gus Atkinson bowls a sharp delivery,  and Babar Azam hangs in the crease to defend the ball,  but the ball nips away and beats the bat,  leaving the batter stranded."
Pakistan 1st Inning,11.3,11,3,Gus Atkinson,Babar Azam,0,no run,No,No,No,No,,"Dot ball !! off cutter, back of length,  on the off stump,  Babar Azam goes back and tucks defensive shot toward the fielder,  who halts the ball."
Pakistan 1st Inning,11.2,11,2,Gus Atkinson,Babar Azam,0,no run,No,No,No,No,,"Dot ball !! fast ball,  good length,  on the off stump,  hangs in the crease,  but decided to leave the ball at last."
Pakistan 1st Inning,11.1,11,1,Gus Atkinson,Babar Azam,0,no run,No,No,No,No,,"Dot ball !! fast ball,  full length,  on the off stump,  Babar Azam hangs in the crease and slash drive towards mid off,  but the fielder reacts promptly and blocks it right away."
Pakistan 1st Inning,10.6,10,6,Ollie Robinson,Saud Shakeel,0,no run,No,No,No,No,,"Dot ball !! fast ball,  full length,  on the stumps,  Saud Shakeel hangs in the crease and dabs defensive shot with soft hands,  but the fielder is quick to react and thwarts the ball."
Pakistan 1st Inning,10.5,10,5,Ollie Robinson,Saud Shakeel,2,2 runs,No,No,No,No,,"An accurately pitched fast ball on the off stump,  Saud Shakeel hangs in the crease to make a confident ,  but gets an edge,  and the ball goes towards deep point for 2 runs."
Pakistan 1st Inning,10.4,10,4,Ollie Robinson,Saud Shakeel,0,no run,No,No,No,No,,"Dot ball !! fast ball,  good length,  on the off stump,  hangs in the crease,  tries to play but misses to get the bat on it."
Pakistan 1st Inning,10.3,10,3,Ollie Robinson,Saud Shakeel,0,4 bye,No,No,No,Yes,bye,"Bye !! inswinger,  good length,  on the off stump,  Saud Shakeel hangs in the crease,  tries to swat it,  but the ball sails past the batter,  eluding the keeper,  batter sneaks 4 runs off bye."
Pakistan 1st Inning,10.2,10,2,Ollie Robinson,Saud Shakeel,0,no run,No,No,Yes,No,,"Dot ball !! inswinger,  good length,  on the off stump,  Ollie Robinson sends down a delivery outside the off stump,  and Saud Shakeel hangs in the crease and watches it closely,  deciding to let ball go to the keeper."
Pakistan 1st Inning,10.1,10,1,Ollie Robinson,Saud Shakeel,0,no run,No,No,No,No,,"Dot ball !! fast ball,  full length,  on the off stump,  Saud Shakeel hangs in the crease and slash defensive shot towards short cover,  but the fielder reacts promptly and blocks it right away."
Pakistan 1st Inning,9.6,9,6,Jofra Archer,Babar Azam,0,no run,No,No,No,No,,"Dot ball !! fast ball,  back of length,  on the off stump,  hangs in the crease,  tries to play but misses to get the bat on it."
Pakistan 1st Inning,9.5,9,5,Jofra Archer,Saud Shakeel,3,3 runs,No,No,No,No,,"Saud Shakeel hangs in the crease and plays a well-timed drive off an inswinger delivers at a good length by the bowler,  but the ball lands safely in the hands of the fielder at long off for 3 runs."
Pakistan 1st Inning,9.4,9,4,Jofra Archer,Saud Shakeel,0,no run,No,No,Yes,No,,"Dot ball !! outswinger,  back of length,  on the off stump,  Jofra Archer bowls a sharp delivery,  and Saud Shakeel hangs in the crease to defend the ball,  but the ball nips away and beats the bat,  leaving the batter stranded."
Pakistan 1st Inning,9.2,9,2,Jofra Archer,Shan Masood,0,no run,No,No,No,No,,"Dot ball !! fast ball,  good length,  on the stumps,  Shan Masood goes forward,  tucks defensive shot toward the fielder at short mid wicket,  who halts the ball."
Pakistan 1st Inning,9.1,9,1,Jofra Archer,Shan Masood,0,no run,No,No,Yes,No,,"Dot ball !! outswinger,  back of length,  on the off stump,  hangs in the crease,  but decided to leave the ball at last."
Pakistan 1st Inning,8.6,8,6,Ollie Robinson,Babar Azam,0,no run,No,No,No,No,,"Dot ball !! inswinger,  good length,  on the off stump,  Babar Azam hangs in the crease to the delivery,  tries to defend it with full face of the bat,  but the ball jags away at the last moment,  beating the bat."
Pakistan 1st Inning,8.5,8,5,Ollie Robinson,Babar Azam,2,2 runs,No,No,No,No,,"Babar Azam hangs in the crease to take inswinger of full length aimed on the stumps,  executing a confident flick shot that sent the ball sailing towards deep square leg for 2 runs."
Pakistan 1st Inning,8.4,8,4,Ollie Robinson,Babar Azam,0,no run,No,No,No,No,,"Dot ball !! fast ball,  good length,  on the off stump,  Ollie Robinson bowls a sharp delivery,  and Babar Azam hangs in the crease to defend the ball,  but the ball nips away and beats the bat,  leaving the batter stranded."
Pakistan 1st Inning,8.3,8,3,Ollie Robinson,Babar Azam,0,no run,No,No,No,No,,"Ollie Robinson lands it on a good length around off stump, and the batter defends solidly. No run taken."
Pakistan 1st Inning,8.1,8,1,Ollie Robinson,Abdullah Shafique,0,no run,No,No,No,No,,"Ollie Robinson lands a good-length ball on the stumps, and the batter defends it safely for no run."
Pakistan 1st Inning,7.6,7,6,Jofra Archer,Shan Masood,0,no run,No,No,Yes,No,,"Dot ball !! outswinger,  good length,  on the stumps,  Shan Masood hangs in the crease to make a room for himself,  but left it alone for the keeper to collect at the last moment."
Pakistan 1st Inning,7.5,7,5,Jofra Archer,Abdullah Shafique,1,1 run,No,No,No,No,,"Abdullah Shafique hangs in the crease and plays a well-timed flick shot off an inswinger delivers at a good length by the bowler,  but the ball lands safely in the hands of the fielder at deep mid wicket for 1 run."
Pakistan 1st Inning,7.4,7,4,Jofra Archer,Abdullah Shafique,0,no run,No,No,No,No,,"Dot ball !! fast ball,  good length,  on the off stump,  hangs in the crease,  but decided to leave the ball at last."
Pakistan 1st Inning,7.3,7,3,Jofra Archer,Abdullah Shafique,0,no run,No,No,No,No,,"Jofra Archer lands it on a good length around off stump, and the batter defends solidly. No run taken."
Pakistan 1st Inning,7.2,7,2,Jofra Archer,Shan Masood,1,1 run,No,No,No,No,,"fast ball,  good length,  on the off stump,  Shan Masood hangs in the crease and chunks it towards the short mid wicket for 1 run."
Pakistan 1st Inning,7.1,7,1,Jofra Archer,Shan Masood,4,Four,Yes,No,No,No,,"Four !! inswinger,  good length,  on the off stump,  Shan Masood goes back and caresses defensive shot,  edged!! towards third man,  it raced away to the fence for four."
Pakistan 1st Inning,6.6,6,6,Ollie Robinson,Abdullah Shafique,0,no run,No,No,Yes,No,,"Dot ball !! fast ball,  good length,  on the off stump,  Abdullah Shafique hangs in the crease to the delivery,  letting it go to the keeper without offering a shot."
Pakistan 1st Inning,6.5,6,5,Ollie Robinson,Abdullah Shafique,0,no run,No,No,No,No,,"Dot ball !! fast ball,  good length,  on the off stump,  Ollie Robinson bowls a sharp delivery,  and Abdullah Shafique hangs in the crease to defend the ball,  but the ball nips away and beats the bat,  leaving the batter stranded."
Pakistan 1st Inning,6.4,6,4,Ollie Robinson,Abdullah Shafique,0,no run,No,No,No,No,,"Dot ball !! inswinger,  good length,  on the off stump,  Abdullah Shafique hangs in the crease,  dabs flick shot with soft hands toward short mid wicket,  but the fielder is quick to react,  thwarts the ball."
Pakistan 1st Inning,6.3,6,3,Ollie Robinson,Abdullah Shafique,0,no run,No,No,No,No,,"Dot ball !! inswinger, good length,  on the off stump,  Abdullah Shafique hangs in the crease and tucks defensive shot toward the fielder,  who halts the ball."
Pakistan 1st Inning,6.2,6,2,Ollie Robinson,Abdullah Shafique,0,no run,No,No,No,No,,"Dot ball !! inswinger,  good length,  on the off stump,  Ollie Robinson bowls a sharp delivery,  and Abdullah Shafique goes back to defend the ball,  but the ball nips away and beats the bat,  leaving the batter stranded."
Pakistan 1st Inning,6.1,6,1,Ollie Robinson,Abdullah Shafique,2,2 runs,No,No,No,No,,"Ollie Robinson delivers fast ball at good length,  Abdullah Shafique hangs in the crease and plays the shot,  but the ball goes straight to the fielder at long on for 2 runs."
Pakistan 1st Inning,5.6,5,6,Jofra Archer,Shan Masood,0,2 leg bye,No,No,No,Yes,leg_bye,"Leg Bye !! inswinger,  full length,  on the stumps,  Shan Masood hangs in the crease,  aims to play flick shot,  but ball direclty brushes against the body. Batter snatch 2 runs off leg bye."
Pakistan 1st Inning,5.4,5,4,Jofra Archer,Azan Awais,0,no run,No,No,No,No,,"Dot ball !! fast ball,  back of length,  on the off stump,  goes back,  but decided to leave the ball at last."
Pakistan 1st Inning,5.3,5,3,Jofra Archer,Azan Awais,0,no run,No,No,Yes,No,,"Dot ball !! outswinger,  back of length,  on the off stump,  Jofra Archer sends down a delivery outside the off stump,  and Azan Awais hangs in the crease and watches it closely,  deciding to let ball go to the keeper."
Pakistan 1st Inning,5.2,5,2,Jofra Archer,Azan Awais,0,no run,No,No,Yes,No,,"Dot ball !! outswinger,  good length,  on the off stump,  Azan Awais hangs in the crease,  plays it with soft hands towards slip,  but the fielder is quick to react and prevents the run."
Pakistan 1st Inning,5.1,5,1,Jofra Archer,Abdullah Shafique,0,1 leg bye,No,No,No,Yes,leg_bye,"Leg Bye !! inswinger,  good length,  on the stumps,  Abdullah Shafique hangs in the crease,  aims to slam it,  but deflect off the pads. Batter steals a leg bye for 1 run."
Pakistan 1st Inning,4.6,4,6,Ollie Robinson,Azan Awais,0,no run,No,No,No,No,,"Dot ball !! fast ball,  good length,  on the off stump,  Azan Awais goes back to the delivery,  tries to defend it with full face of the bat,  but the ball jags away at the last moment,  beating the bat."
Pakistan 1st Inning,4.5,4,5,Ollie Robinson,Azan Awais,0,no run,No,No,No,No,,"Dot ball !! fast ball,  good length,  on the off stump,  hangs in the crease,  tries to play but misses to get the bat on it."
Pakistan 1st Inning,4.4,4,4,Ollie Robinson,Azan Awais,0,no run,No,No,No,No,,"Dot ball !! fast ball,  good length,  on the off stump,  Azan Awais hangs in the crease,  dabs defensive shot with soft hands toward short cover,  but the fielder is quick to react,  thwarts the ball."
Pakistan 1st Inning,4.3,4,3,Ollie Robinson,Azan Awais,0,no run,No,No,No,No,,"Dot ball !! fast ball,  good length,  on the off stump,  Ollie Robinson bowls a sharp delivery,  and Azan Awais hangs in the crease to defend the ball,  but the ball nips away and beats the bat,  leaving the batter stranded."
Pakistan 1st Inning,4.2,4,2,Ollie Robinson,Azan Awais,0,no run,No,No,No,No,,"Dot ball !! fast ball,  good length,  on the off stump,  Azan Awais hangs in the crease,  tucks it toward the fielder at point,  who blocks the ball right away."
Pakistan 1st Inning,4.1,4,1,Ollie Robinson,Azan Awais,0,no run,No,No,No,No,,"Dot ball !! inswinger,  good length,  on the off stump,  goes back,  plays defensive shot."
Pakistan 1st Inning,3.6,3,6,Jofra Archer,Abdullah Shafique,0,no run,No,No,No,No,,"Dot ball !! fast ball,  full length,  on the stumps,  Abdullah Shafique goes forward and dabs defensive shot,  but the fielder reacts promptly and blocks it right away."
Pakistan 1st Inning,3.5,3,5,Jofra Archer,Abdullah Shafique,0,no run,No,No,Yes,No,,"Dot ball !! bouncer,  back of length,  on the off stump,  Jofra Archer sends down a delivery outside the off stump,  and Abdullah Shafique hangs in the crease and watches it closely,  deciding to let ball go to the keeper."
Pakistan 1st Inning,3.4,3,4,Jofra Archer,Azan Awais,1,1 run,No,No,No,No,,"An accurately pitched inswinger on the stumps,  Azan Awais hangs in the crease to make a confident flick shot,  sending the ball towards deep fine leg for 1 run."
Pakistan 1st Inning,3.3,3,3,Jofra Archer,Azan Awais,0,no run,No,No,No,No,,"Dot ball !! inswinger,  good length,  on the stumps,  Azan Awais goes back,  tucks defensive shot toward the fielder at mid off,  who halts the ball."
Pakistan 1st Inning,3.2,3,2,Jofra Archer,Azan Awais,0,no run,No,No,No,No,,"Dot ball !! bouncer,  back of length,  on the off stump,  hangs in the crease,  tries to play but misses to get the bat on it."
Pakistan 1st Inning,3.1,3,1,Jofra Archer,Azan Awais,4,Four,Yes,No,Yes,No,,"Four !! outswinger,  good length,  on the off stump,  Azan Awais hangs in the crease,  plays drive in the air to deep cover. Ball finds the ropes for four."
Pakistan 1st Inning,2.6,2,6,Ollie Robinson,Abdullah Shafique,0,no run,No,No,No,No,,"Dot ball !! inswinger,  good length,  on the off stump,  Abdullah Shafique hangs in the crease,  trying to hit defensive shot,  but the ball shapes away late,  beats the bat."
Pakistan 1st Inning,2.5,2,5,Ollie Robinson,Abdullah Shafique,0,no run,No,No,No,No,,"Dot ball !! fast ball,  good length,  on the off stump,  Abdullah Shafique hangs in the crease,  tucks defensive shot toward the fielder at point,  who halts the ball."
Pakistan 1st Inning,2.3,2,3,Ollie Robinson,Saim Ayub,0,no run,No,No,No,No,,"Dot ball !! fast ball,  good length,  on the off stump,  goes back,  plays defensive shot to the short cover."
Pakistan 1st Inning,2.2,2,2,Ollie Robinson,Saim Ayub,0,no run,No,No,No,No,,"Dot ball !! inswinger,  full length,  on the stumps,  Saim Ayub hangs in the crease,  tucks drive toward the fielder at mid off,  who halts the ball."
Pakistan 1st Inning,2.1,2,1,Ollie Robinson,Saim Ayub,0,no run,No,No,No,No,,"Dot ball !! fast ball,  good length,  on the off stump,  Saim Ayub hangs in the crease,  trying to hit defensive shot,  but the ball shapes away late,  beats the bat."
Pakistan 1st Inning,1.6,1,6,Jofra Archer,Azan Awais,4,Four,Yes,No,No,No,,"Four !! fast ball,  good length,  on the off stump. Azan Awais hangs in the crease,  hits drive in the gap towards deep cover,  and ball finds the ropes in a flash for four."
Pakistan 1st Inning,1.5,1,5,Jofra Archer,Azan Awais,0,no run,No,No,Yes,No,,"Dot ball !! outswinger,  good length,  on the off stump,  Azan Awais hangs in the crease to make a room for himself,  but left it alone for the keeper to collect at the last moment."
Pakistan 1st Inning,1.4,1,4,Jofra Archer,Azan Awais,0,no run,No,No,No,No,,"Dot ball !! inswinger,  good length,  on the stumps,  hangs in the crease,  plays defensive shot to the short cover."
Pakistan 1st Inning,1.3,1,3,Jofra Archer,Azan Awais,0,no run,No,No,Yes,No,,"Dot ball !! outswinger,  good length,  on the off stump,  Jofra Archer sends down a delivery outside the off stump,  and Azan Awais hangs in the crease and watches it closely,  deciding to let ball go to the keeper."
Pakistan 1st Inning,1.2,1,2,Jofra Archer,Azan Awais,0,no run,No,No,No,No,,"Dot ball !! fast ball,  good length,  on the off stump,  Azan Awais goes back and slash defensive shot towards point,  but the fielder reacts promptly and blocks it right away."
Pakistan 1st Inning,1.1,1,1,Jofra Archer,Azan Awais,0,no run,No,No,No,No,,"Dot ball !! fast ball,  yorker,  on the off stump,  hangs in the crease,  tries to play but misses to get the bat on it."
Pakistan 1st Inning,0.6,0,6,Ollie Robinson,Saim Ayub,0,no run,No,No,No,No,,"Dot ball !! fast ball,  good length,  on the off stump,  Saim Ayub hangs in the crease,  tucks defensive shot toward the fielder at short cover,  who halts the ball."
Pakistan 1st Inning,0.5,0,5,Ollie Robinson,Saim Ayub,0,no run,No,No,Yes,No,,"Dot ball !! fast ball,  good length,  on the off stump,  Ollie Robinson sends down a delivery outside the off stump,  and Saim Ayub hangs in the crease and watches it closely,  deciding to let ball go to the keeper."
Pakistan 1st Inning,0.4,0,4,Ollie Robinson,Saim Ayub,0,no run,No,No,No,No,,"Dot ball !! fast ball,  good length,  on the off stump,  Ollie Robinson bowls a sharp delivery,  and Saim Ayub hangs in the crease to defend the ball,  but the ball nips away and beats the bat,  leaving the batter stranded."
Pakistan 1st Inning,0.3,0,3,Ollie Robinson,Saim Ayub,0,no run,No,No,No,No,,"Dot ball !! inswinger,  good length,  on the off stump,  hangs in the crease,  plays defensive shot to the short cover."
Pakistan 1st Inning,0.2,0,2,Ollie Robinson,Saim Ayub,0,no run,No,No,No,No,,"Dot ball !! fast ball,  good length,  on the off stump,  Saim Ayub hangs in the crease,  tucks defensive shot toward the fielder at point,  who halts the ball."
Pakistan 1st Inning,0.1,0,1,Ollie Robinson,Saim Ayub,0,4 leg bye,No,No,No,Yes,leg_bye,"Leg Bye !! inswinger,  good length,  on the off stump,  Saim Ayub hangs in the crease,  swats flick shot,  but the ball slides off the body,  batter is quick to avail this leg bye for 4 runs."
England 1st Inning,88.5,88,5,Mohammad Ali,Josh Tongue,0,no run,No,No,No,No,,"Dot ball !! fast ball,  back of length,  on the off stump,  Josh Tongue goes back,  dabs defensive shot with soft hands toward point,  but the fielder is quick to react,  thwarts the ball."
England 1st Inning,88.4,88,4,Mohammad Ali,Josh Tongue,0,no run,No,No,No,No,,"Dot ball !! fast ball,  good length,  on the off stump,  Josh Tongue goes forward,  tucks defensive shot toward the fielder at mid off,  who halts the ball."
England 1st Inning,88.4,88,4,Mohammad Ali,Josh Tongue,0,1 wide,No,No,No,Yes,wide,"bouncer,  back of length,  on the stumps,  An attempted bouncer misses the mark and sails high over Josh Tongue's head,  Umpire Calls it a wide."
England 1st Inning,88.3,88,3,Mohammad Ali,Josh Tongue,0,no run,No,No,No,No,,"Dot ball !! fast ball,  good length,  on the off stump,  Josh Tongue goes forward and slash defensive shot towards short cover,  but the fielder reacts promptly and blocks it right away."
England 1st Inning,88.2,88,2,Mohammad Ali,Josh Tongue,4,Four,Yes,No,Yes,No,,"Four !! outswinger,  good length,  on the off stump. Josh Tongue goes forward and tries defensive shot,  edged!! in the gap towards third man,  and ball finds the ropes in a flash for four. Misfielding has cost them runs"
England 1st Inning,88.1,88,1,Mohammad Ali,Josh Tongue,0,no run,No,No,Yes,No,,"Dot ball !! bouncer,  back of length,  on the stumps,  Mohammad Ali sends down a delivery outside the stumps,  and Josh Tongue goes forward and watches it closely,  deciding to let ball go to the keeper."
England 1st Inning,87.6,87,6,Razaullah,Josh Tongue,0,1 leg bye,No,No,No,Yes,leg_bye,"Leg Bye !! fast ball,  full length,  on the leg stump,  Josh Tongue goes forward,  aims to play it,  but ball direclty brushes against the body. Batter snatch 1 runs off leg bye."
England 1st Inning,87.5,87,5,Razaullah,Josh Tongue,0,no run,No,No,No,No,,"Dot ball !! fast ball,  back of length,  on the off stump,  goes forward,  plays defensive shot to the mid off."
England 1st Inning,87.4,87,4,Razaullah,Josh Tongue,0,no run,No,No,No,No,,"Dot ball !! fast ball,  good length,  on the stumps,  Josh Tongue goes back and strives to hit defensive shot,  aiming to fend it off,  but ball is too tricky to hit."
England 1st Inning,87.3,87,3,Razaullah,Jofra Archer,1,1 run,No,No,No,No,,"Jofra Archer goes forward to take fast ball of good length aimed on the stumps,  executing a confident push that sent the ball sailing towards mid on for 1 run."
England 1st Inning,87.2,87,2,Razaullah,Jofra Archer,6,Six,No,Yes,No,No,,"Six !! What a delivery! bouncer lands right on the stumps,  Jofra Archer goes back,  exhibits impeccable timing as batter hammers pull sending it flying to the deep square leg region for a remarkable Maximum!"
England 1st Inning,87.1,87,1,Razaullah,Jofra Archer,2,2 runs,No,No,No,No,,"Jofra Archer goes back and plays a well-timed pull off an fast ball delivers at a back of length by the bowler,  but the ball lands safely in the hands of the fielder at deep square leg for 2 runs."
England 1st Inning,86.6,86,6,Mohammad Ali,Josh Tongue,4,Four,Yes,No,No,No,,"Four !! fast ball,  good length,  on the off stump. Josh Tongue goes forward,  hits drive in the gap towards deep cover,  and ball finds the ropes in a flash for four."
England 1st Inning,86.5,86,5,Mohammad Ali,Josh Tongue,0,no run,No,No,No,No,,"Dot ball !! fast ball, back of length,  on the off stump,  Josh Tongue goes forward and tucks defensive shot toward the fielder,  who halts the ball."
England 1st Inning,86.4,86,4,Mohammad Ali,Josh Tongue,0,no run,No,No,No,No,,"Dot Ball !! fast ball,  good length,  on the off stump,  and Josh Tongue hangs on and tries to hit defensive shot,  but misses it completely as ball beats the bat,  goes to the keeper."
England 1st Inning,86.3,86,3,Mohammad Ali,Josh Tongue,0,no run,No,No,No,No,,"Dot ball !! fast ball,  good length,  on the stumps,  Josh Tongue goes forward,  tucks defensive shot toward the fielder at mid on,  who halts the ball."
England 1st Inning,86.2,86,2,Mohammad Ali,Josh Tongue,0,no run,No,No,No,No,,"Dot ball !! fast ball,  full length,  on the leg stump,  hangs in the crease,  tried defensive shot but fails to get bat on it."
England 1st Inning,86.1,86,1,Mohammad Ali,Josh Tongue,0,no run,No,No,No,No,,"Dot ball !! fast ball,  good length,  on the off stump,  Josh Tongue goes forward,  tucks defensive shot toward the fielder at short cover,  who halts the ball."
England 1st Inning,85.6,85,6,Razaullah,Josh Tongue,1,1 run,No,No,No,No,,"Razaullah delivers fast ball at good length,  Josh Tongue goes back and tucks it. But the ball is stopped by the fielder standing at the deep point,  limits Josh Tongue to just 1 run."
England 1st Inning,85.5,85,5,Razaullah,Jofra Archer,1,1 run,No,No,No,No,,"Jofra Archer goes forward and plays a well-timed flick shot off an fast ball delivers at a full length by the bowler,  but the ball lands safely in the hands of the fielder at deep mid wicket for 1 run."
England 1st Inning,85.4,85,4,Razaullah,Jofra Archer,0,no run,No,No,No,No,,"Dot ball !! fast ball,  full length,  on the off stump,  Jofra Archer goes forward,  tucks drive toward the fielder at mid off,  who halts the ball."
England 1st Inning,85.3,85,3,Razaullah,Josh Tongue,1,1 run,No,No,No,No,,"Josh Tongue goes forward to take fast ball of good length aimed on the stumps,  executing a confident defensive shot that sent the ball sailing towards short mid wicket for 1 run."
England 1st Inning,85.2,85,2,Razaullah,Jofra Archer,1,1 run,No,No,No,No,,"Jofra Archer goes back and plays a well-timed pull off an fast ball delivers at a back of length by the bowler,  but the ball lands safely in the hands of the fielder at deep fine leg for 1 run."
England 1st Inning,85.1,85,1,Razaullah,Jofra Archer,4,Four,Yes,No,No,No,,"Four !! fast ball,  good length,  on the off stump,  Jofra Archer elegantly goes back into the shot,  gracefully guides it to deep cover region,  the ball speeds away and finds the boundary rope."
England 1st Inning,84.6,84,6,Mohammad Ali,Josh Tongue,4,Four,Yes,No,No,No,,Mohammad Ali serves up a full toss on the stumps. Josh Tongue takes full advantage and sends it away to the fence for four.
England 1st Inning,84.5,84,5,Mohammad Ali,Jofra Archer,1,1 run,No,No,No,No,,"An accurately pitched fast ball on the off stump,  Jofra Archer goes forward to make a confident defensive shot,  sending the ball towards deep point for 1 run."
England 1st Inning,84.4,84,4,Mohammad Ali,Jofra Archer,0,no run,No,No,No,No,,"Dot ball !! bouncer,  back of length,  on the off stump,  Mohammad Ali sends down a sharp delivery,  Jofra Archer goes back to defend it,  but mistimes the shot,  beats the bat,  leaving the batter confused."
England 1st Inning,84.3,84,3,Mohammad Ali,Jofra Archer,6,Six,No,Yes,No,No,,"Six !! What a delivery! fast ball lands right on the off stump,  Jofra Archer goes back,  exhibits impeccable timing as batter hammers pull sending it flying to the deep mid wicket region for a remarkable Maximum!"
England 1st Inning,84.2,84,2,Mohammad Ali,Jofra Archer,0,no run,No,No,Yes,No,,"Dot ball !! outswinger,  good length,  on the off stump,  goes forward,  plays defensive shot to the short cover."
England 1st Inning,84.1,84,1,Mohammad Ali,Jofra Archer,0,no run,No,No,Yes,No,,"Dot ball !! outswinger,  good length,  on the off stump,  Jofra Archer goes forward,  tucks drive toward the fielder at short cover,  who halts the ball."
England 1st Inning,83.6,83,6,Razaullah,Jofra Archer,1,1 run,No,No,No,No,,"fast ball,  good length,  on the stumps,  goes back,  plays pull,  towards the deep square leg for 1 run."
England 1st Inning,83.5,83,5,Razaullah,Jofra Archer,2,2 runs,No,No,No,No,,"Jofra Archer goes back and plays a well-timed pull off an fast ball delivers at a back of length by the bowler,  but the ball lands safely in the hands of the fielder at deep square leg for 2 runs."
England 1st Inning,83.4,83,4,Razaullah,Jofra Archer,2,2 runs,No,No,Yes,No,,"Razaullah serves a full length delivery outside off stump, and the batter works it away to collect two runs."
England 1st Inning,83.3,83,3,Razaullah,Josh Tongue,1,1 run,No,No,No,No,,"An accurately pitched fast ball on the stumps,  Josh Tongue goes forward to make a confident flick shot,  sending the ball towards deep mid wicket for 1 run."
England 1st Inning,83.2,83,2,Razaullah,Josh Tongue,0,no run,No,No,Yes,No,,"Dot Ball !! outswinger,  good length,  on the off stump,  and Josh Tongue hangs on and tries to hit defensive shot,  but misses it completely as ball beats the bat,  goes to the keeper."
England 1st Inning,82.6,82,6,Mohammad Abbas,Jofra Archer,0,no run,No,No,No,No,,"Dot ball !! fast ball,  good length,  on the off stump,  Jofra Archer goes forward,  tucks defensive shot toward the fielder at short cover,  who halts the ball."
England 1st Inning,82.5,82,5,Mohammad Abbas,Jofra Archer,0,no run,No,No,Yes,No,,"Dot Ball !! outswinger,  good length,  on the off stump,  and Jofra Archer hangs on and tries to hit defensive shot,  but misses it completely as ball beats the bat,  goes to the keeper."
England 1st Inning,82.4,82,4,Mohammad Abbas,Jofra Archer,0,4 leg bye,No,No,No,Yes,leg_bye,"Leg Bye !! inswinger,  good length,  on the stumps,  Jofra Archer hangs in the crease,  aims to slam it,  but deflect off the pads. Batter steals a leg bye for 4 runs."
England 1st Inning,82.3,82,3,Mohammad Abbas,Jofra Archer,0,no run,No,No,Yes,No,,"Dot ball !! outswinger, good length,  on the off stump,  Jofra Archer goes forward and tucks defensive shot,  edged!! and the ball goes toward the fielder,  who halts the ball."
England 1st Inning,82.2,82,2,Mohammad Abbas,Ollie Robinson,1,1 run,No,No,No,No,,"Ollie Robinson goes back and plays defensive shot off an fast ball delivers at a good length by the bowler,  edged!! and the ball lands safely in the hands of the fielder at third man for 1 run."
England 1st Inning,82.1,82,1,Mohammad Abbas,Ollie Robinson,4,Four,Yes,No,Yes,No,,"Four !! outswinger,  back of length,  on the off stump. Ollie Robinson goes back,  hits cut in the gap towards deep point,  and ball finds the ropes in a flash for four."
England 1st Inning,81.6,81,6,Razaullah,Ollie Robinson,0,1 leg bye,No,No,No,Yes,leg_bye,"Leg Bye !! off cutter,  good length,  on the off stump,  Ollie Robinson goes back,  swats defensive shot,  but the ball slides off the body,  batter is quick to avail this leg bye for 1 run."
England 1st Inning,81.5,81,5,Razaullah,Jofra Archer,1,1 run,No,No,No,No,,"Jofra Archer hangs in the crease to take fast ball of good length aimed on the off stump,  executing a confident drive that sent the ball sailing towards deep cover for 1 run."
England 1st Inning,81.4,81,4,Razaullah,Jofra Archer,2,2 runs,No,No,No,No,,"Jofra Archer hangs in the crease and plays a well-timed flick shot off an fast ball delivers at a full length by the bowler,  but the ball lands safely in the hands of the fielder at deep mid wicket for 2 runs."
England 1st Inning,81.3,81,3,Razaullah,Jofra Archer,0,no run,No,No,No,No,,"Dot ball !! fast ball,  full length,  on the stumps,  Jofra Archer hangs in the crease and slash defensive shot towards mid on,  but the fielder reacts promptly and blocks it right away."
England 1st Inning,81.2,81,2,Razaullah,Jofra Archer,0,no run,No,No,No,No,,"Dot ball !! leg cutter,  good length,  on the off stump,  goes back,  plays defensive shot."
England 1st Inning,81.1,81,1,Razaullah,Jofra Archer,0,no run,No,No,No,No,,"Dot ball !! fast ball,  full length,  on the off stump,  Jofra Archer hangs in the crease,  tucks drive toward the fielder at short cover,  who halts the ball."
England 1st Inning,80.6,80,6,Mohammad Abbas,Ollie Robinson,2,2 runs,No,No,No,No,,"An accurately pitched fast ball on the off stump,  Ollie Robinson hangs in the crease to make a confident pull,  sending the ball towards deep square leg for 2 runs."
England 1st Inning,80.5,80,5,Mohammad Abbas,Ollie Robinson,0,no run,No,No,No,No,,"Dot ball !! fast ball,  good length,  on the off stump,  hangs in the crease,  plays defensive shot to the short cover."
England 1st Inning,80.4,80,4,Mohammad Abbas,Ollie Robinson,0,no run,No,No,No,No,,"Dot ball !! fast ball,  back of length,  on the off stump,  Ollie Robinson hangs in the crease to the delivery,  tries to defend it with full face of the bat,  but the ball jags away at the last moment,  beating the bat."
England 1st Inning,80.3,80,3,Mohammad Abbas,Ollie Robinson,6,Six,No,Yes,No,No,,"Six !! What a delivery! fast ball lands right on the off stump,  Ollie Robinson goes back,  exhibits impeccable timing as batter hammers pull sending it flying to the deep mid wicket region for a remarkable Maximum!"
England 1st Inning,80.2,80,2,Mohammad Abbas,Ollie Robinson,0,no run,No,No,No,No,,"Dot ball !! fast ball,  good length,  on the off stump,  Ollie Robinson goes back,  tucks cut toward the fielder at point,  who halts the ball."
England 1st Inning,80.1,80,1,Mohammad Abbas,Ollie Robinson,4,Four,Yes,No,No,No,,"Four !! inswinger,  good length,  on the off stump,  Ollie Robinson elegantly goes forward into the shot,  gracefully guides it to long on region,  the ball speeds away and finds the boundary rope."
England 1st Inning,79.6,79,6,Razaullah,Ollie Robinson,1,1 run,No,No,No,No,,"Ollie Robinson goes forward and plays a well-timed flick shot off an fast ball delivers at a good length by the bowler,  but the ball lands safely in the hands of the fielder at deep square leg for 1 run."
England 1st Inning,79.5,79,5,Razaullah,Ollie Robinson,4,Four,Yes,No,No,No,,"Four !! fast ball,  full length,  on the stumps. Ollie Robinson goes forward,  hits flick shot in the gap towards deep fine leg,  and ball finds the ropes in a flash for four."
England 1st Inning,79.4,79,4,Razaullah,Ollie Robinson,0,no run,No,No,Yes,No,,Razaullah serves a full length delivery on the stumps. It is kept out safely with no run taken.
England 1st Inning,79.3,79,3,Razaullah,Ollie Robinson,0,no run,No,No,Yes,No,,"Dot ball !! bouncer,  back of length,  on the stumps,  Razaullah sends down a delivery outside the stumps,  and Ollie Robinson goes forward and watches it closely,  deciding to let ball go to the keeper."
England 1st Inning,79.2,79,2,Razaullah,Ollie Robinson,0,no run,No,No,No,No,,"Dot ball !! fast ball,  back of length,  on the off stump,  Ollie Robinson goes forward,  tucks defensive shot toward the fielder at short cover,  who halts the ball."
England 1st Inning,79.1,79,1,Razaullah,Ollie Robinson,2,2 runs,No,No,No,No,,"Ollie Robinson goes forward and plays a well-timed flick shot off an fast ball delivers at a full length by the bowler,  but the ball lands safely in the hands of the fielder at deep mid wicket for 2 runs."
England 1st Inning,78.6,78,6,Saim Ayub,Jofra Archer,0,no run,No,No,No,No,,"Dot ball !! arm ball,  full length,  on the off stump,  Jofra Archer goes forward,  trying to hit defensive shot,  but the ball shapes away late,  beats the bat."
England 1st Inning,78.5,78,5,Saim Ayub,Ollie Robinson,1,1 run,No,No,No,No,,"An accurately pitched off break ball on the off stump,  Ollie Robinson goes forward to make a confident push,  sending the ball towards long off for 1 run."
England 1st Inning,78.4,78,4,Saim Ayub,Ollie Robinson,0,no run,No,No,Yes,No,,Saim Ayub lands this one on a full length around off stump. The batter keeps it out safely for no run.
England 1st Inning,78.3,78,3,Saim Ayub,Ollie Robinson,0,no run,No,No,No,No,,"Dot ball !! ,  full length,  on the stumps,  goes forward,  plays reverse sweep to the point."
England 1st Inning,78.2,78,2,Saim Ayub,Jofra Archer,1,1 run,No,No,No,No,,"Jofra Archer goes forward and plays a well-timed push off an delivers at a full length by the bowler,  but the ball lands safely in the hands of the fielder at deep cover for 1 run."
England 1st Inning,78.1,78,1,Saim Ayub,Ollie Robinson,1,1 run,No,No,No,No,,",  good length,  on the stumps,  goes back,  plays pull,  towards the long on for 1 run."
England 1st Inning,77.6,77,6,Razaullah,Ollie Robinson,1,1 run,No,No,No,No,,"Ollie Robinson goes forward and plays a well-timed flick shot off an fast ball delivers at a full length by the bowler,  but the ball lands safely in the hands of the fielder at deep mid wicket for 1 run."
England 1st Inning,77.5,77,5,Razaullah,Jofra Archer,1,1 run,No,No,No,No,,"Jofra Archer goes forward to take fast ball of good length aimed on the stumps,  executing a confident flick shot that sent the ball sailing towards deep square leg for 1 run."
England 1st Inning,77.3,77,3,Razaullah,Jamie Smith,0,no run,No,No,No,No,,"Dot ball !! fast ball,  good length,  on the off stump,  Jamie Smith goes forward and slash defensive shot towards short cover,  but the fielder reacts promptly and blocks it right away."
England 1st Inning,77.2,77,2,Razaullah,Jamie Smith,4,Four,Yes,No,No,No,,"Four !! fast ball,  good length,  on the stumps. Jamie Smith goes forward,  hits drive in the gap towards long on,  and ball finds the ropes in a flash for four."
England 1st Inning,77.1,77,1,Razaullah,Jamie Smith,0,no run,No,No,No,No,,"Dot ball !! fast ball,  good length,  on the stumps,  goes forward,  plays defensive shot to the short cover."
England 1st Inning,76.6,76,6,Saim Ayub,Ollie Robinson,0,no run,No,No,No,No,,"Dot ball !! ,  full length,  on the off stump,  goes forward,  plays defensive shot."
England 1st Inning,76.5,76,5,Saim Ayub,Jamie Smith,1,1 run,No,No,No,No,,"Jamie Smith goes forward to take off break ball of good length aimed on the stumps,  executing a confident push that sent the ball sailing towards deep mid wicket for 1 run."
England 1st Inning,76.4,76,4,Saim Ayub,Jamie Smith,0,no run,No,No,No,No,,"Dot ball !! arm ball,  full length,  on the stumps,  Saim Ayub sends down a sharp delivery,  Jamie Smith hangs in the crease to defend it,  but mistimes the shot,  beats the bat,  leaving the batter confused."
England 1st Inning,76.3,76,3,Saim Ayub,Ollie Robinson,1,1 run,No,No,No,No,,"An accurately pitched on the off stump,  Ollie Robinson goes forward to make a confident push,  sending the ball towards long on for 1 run."
England 1st Inning,76.2,76,2,Saim Ayub,Ollie Robinson,2,2 runs,No,No,No,No,,"An accurately pitched off break ball on the stumps,  Ollie Robinson hangs in the crease to make a confident reverse sweep,  sending the ball towards deep cover for 2 runs."
England 1st Inning,76.1,76,1,Saim Ayub,Jamie Smith,1,1 run,No,No,No,No,,"Saim Ayub lands a good length ball around off stump, nudged away for one."
England 1st Inning,75.6,75,6,Mohammad Imran Randhawa,Ollie Robinson,0,no run,No,No,No,No,,"Dot ball !! fast ball,  good length,  on the off stump,  Ollie Robinson goes forward,  dabs defensive shot with soft hands toward mid on,  but the fielder is quick to react,  thwarts the ball."
England 1st Inning,75.5,75,5,Mohammad Imran Randhawa,Jamie Smith,1,1 run,No,No,No,No,,"fast ball,  good length,  on the stumps,  goes back,  plays defensive shot,  edged!! towards the third man for 1 run."
England 1st Inning,75.4,75,4,Mohammad Imran Randhawa,Jamie Smith,0,no run,No,No,No,No,,"Dot ball !! fast ball,  good length,  on the off stump,  goes back,  plays defensive shot to the short cover."
England 1st Inning,75.3,75,3,Mohammad Imran Randhawa,Ollie Robinson,1,1 run,No,No,No,No,,"Ollie Robinson goes forward and plays a well-timed defensive shot off an fast ball delivers at a good length by the bowler,  but the ball lands safely in the hands of the fielder at short cover for 1 run."
England 1st Inning,75.2,75,2,Mohammad Imran Randhawa,Ollie Robinson,0,no run,No,No,No,No,,"Dot ball !! fast ball,  good length,  on the off stump,  goes forward,  plays defensive shot to the short cover."
England 1st Inning,75.1,75,1,Mohammad Imran Randhawa,Ollie Robinson,0,no run,No,No,Yes,No,,"Dot ball !! bouncer,  short length,  on the off stump,  Mohammad Imran Randhawa sends down a delivery outside the off stump,  and Ollie Robinson goes forward and watches it closely,  deciding to let ball go to the keeper."
England 1st Inning,74.6,74,6,Saim Ayub,Jamie Smith,0,no run,No,No,No,No,,"Dot ball !! ,  full length,  on the stumps,  goes forward,  plays defensive shot to the short mid wicket."
England 1st Inning,74.5,74,5,Saim Ayub,Ollie Robinson,1,1 run,No,No,No,No,,"off break ball,  good length,  on the off stump,  goes back,  plays cut,  towards the deep cover for 1 run."
England 1st Inning,74.4,74,4,Saim Ayub,Jamie Smith,1,1 run,No,No,No,No,,"An accurately pitched on the stumps,  Jamie Smith goes forward to make a confident push,  sending the ball towards long on for 1 run."
England 1st Inning,74.3,74,3,Saim Ayub,Jamie Smith,0,no run,No,No,No,No,,"Dot ball !! ,  full length,  on the stumps,  goes forward,  plays defensive shot to the short mid wicket."
England 1st Inning,74.2,74,2,Saim Ayub,Ollie Robinson,1,1 run,No,No,No,No,,"An accurately pitched arm ball on the stumps,  Ollie Robinson goes back to make a confident push,  sending the ball towards deep mid wicket for 1 run."
England 1st Inning,74.1,74,1,Saim Ayub,Jamie Smith,1,1 run,No,No,No,No,,"off break ball,  good length,  on the stumps,  goes back,  plays push,  towards the long on for 1 run."
England 1st Inning,73.6,73,6,Mohammad Imran Randhawa,Ollie Robinson,4,Four,Yes,No,No,No,,"Four !! fast ball,  good length,  on the off stump. Ollie Robinson goes back and tries cut,  edged!! in the gap towards third man,  and ball finds the ropes in a flash for four."
England 1st Inning,73.5,73,5,Mohammad Imran Randhawa,Ollie Robinson,0,no run,No,No,No,No,,"Dot ball !! fast ball, good length,  on the stumps,  Ollie Robinson goes forward and tucks defensive shot toward the fielder,  who halts the ball."
England 1st Inning,73.4,73,4,Mohammad Imran Randhawa,Ollie Robinson,0,no run,No,No,No,No,,"Dot ball !! fast ball, back of length,  on the off stump,  Ollie Robinson goes forward and tucks defensive shot toward the fielder,  who halts the ball."
England 1st Inning,73.3,73,3,Mohammad Imran Randhawa,Ollie Robinson,0,no run,No,No,No,No,,"Dot ball !! fast ball,  good length,  on the off stump,  Mohammad Imran Randhawa sends down a sharp delivery,  Ollie Robinson goes forward to defend it,  but mistimes the shot,  beats the bat,  leaving the batter confused."
England 1st Inning,73.2,73,2,Mohammad Imran Randhawa,Ollie Robinson,0,no run,No,No,No,No,,"Dot ball !! fast ball,  good length,  on the off stump,  goes forward,  plays defensive shot."
England 1st Inning,73.1,73,1,Mohammad Imran Randhawa,Ollie Robinson,0,no run,No,No,No,No,,"Dot ball !! fast ball,  good length,  on the off stump,  Ollie Robinson goes forward,  tucks defensive shot toward the fielder at mid on,  who halts the ball."
England 1st Inning,72.6,72,6,Mohammad Abbas,Ollie Robinson,1,1 run,No,No,No,No,,"fast ball,  good length,  on the off stump,  goes forward,  plays flick shot,  towards the deep square leg for 1 run."
England 1st Inning,72.5,72,5,Mohammad Abbas,Ollie Robinson,0,no run,No,No,Yes,No,,"Dot ball !! bouncer,  back of length,  on the off stump,  Mohammad Abbas sends down a delivery outside the off stump,  and Ollie Robinson goes forward and watches it closely,  deciding to let ball go to the keeper."
England 1st Inning,72.4,72,4,Mohammad Abbas,Ollie Robinson,0,no run,No,No,No,No,,"Dot ball !! fast ball,  back of length,  on the stumps,  Ollie Robinson goes back and strives to hit pull,  aiming to fend it off,  but ball is too tricky to hit."
England 1st Inning,72.3,72,3,Mohammad Abbas,Ollie Robinson,4,Four,Yes,No,Yes,No,,"Four !! fast ball,  back of length,  on the stumps,  Short and well outside the stumps. Ollie Robinson goes forward,  it to the deep fine leg,  races away and finds the boundary."
England 1st Inning,72.2,72,2,Mohammad Abbas,Ollie Robinson,4,Four,Yes,No,No,No,,"Four !! fast ball,  good length,  on the stumps,  Ollie Robinson goes forward and caresses flick shot to deep mid wicket,  it raced away to the fence for four."
England 1st Inning,72.1,72,1,Mohammad Abbas,Jamie Smith,1,1 run,No,No,No,No,,"Mohammad Abbas delivers fast ball at good length,  Jamie Smith hangs in the crease and plays the shot,  but the ball goes straight to the fielder at deep square leg for 1 run."
England 1st Inning,71.6,71,6,Mohammad Imran Randhawa,Ollie Robinson,0,no run,No,No,No,No,,Mohammad Imran Randhawa finishes the over cleanly as the batter defends with no run taken.
England 1st Inning,71.5,71,5,Mohammad Imran Randhawa,Ollie Robinson,0,no run,No,No,No,No,,"Dot ball !! fast ball,  yorker,  on the stumps,  Ollie Robinson goes forward,  tucks drive toward the fielder at mid on,  who halts the ball."
England 1st Inning,71.4,71,4,Mohammad Imran Randhawa,Ollie Robinson,0,no run,No,No,No,No,,"Dot ball !! fast ball,  good length,  on the off stump,  Ollie Robinson goes forward and slash defensive shot towards point,  but the fielder reacts promptly and blocks it right away."
England 1st Inning,71.3,71,3,Mohammad Imran Randhawa,Ollie Robinson,4,Four,Yes,No,No,No,,"Four !! off cutter,  good length,  on the stumps,  Ollie Robinson hangs in the crease and caresses flick shot to deep mid wicket,  it raced away to the fence for four."
England 1st Inning,71.2,71,2,Mohammad Imran Randhawa,Ollie Robinson,0,no run,No,No,No,No,,"Dot ball !! fast ball,  good length,  on the off stump,  Ollie Robinson hangs in the crease and slash defensive shot towards slip,  but the fielder reacts promptly and blocks it right away."
England 1st Inning,71.1,71,1,Mohammad Imran Randhawa,Ollie Robinson,0,no run,No,No,No,No,,"Mohammad Imran Randhawa serves a full length delivery on off stump, and the batter defends it away cleanly."
England 1st Inning,70.6,70,6,Mohammad Abbas,Jamie Smith,4,Four,Yes,No,No,No,,"Four !! fast ball,  good length,  on the off stump,  Jamie Smith hangs in the crease,  hits it to the long on,  goes couple of bounces into the fence for a boundary."
England 1st Inning,70.5,70,5,Mohammad Abbas,Jamie Smith,0,no run,No,No,No,No,,"Dot ball !! fast ball,  good length,  on the off stump,  goes back,  plays defensive shot to the mid on."
England 1st Inning,70.4,70,4,Mohammad Abbas,Jamie Smith,0,no run,No,No,No,No,,"Dot ball !! off cutter,  good length,  on the off stump,  Jamie Smith goes back and slash defensive shot towards mid on,  but the fielder reacts promptly and blocks it right away."
England 1st Inning,70.3,70,3,Mohammad Abbas,Jamie Smith,0,4 bye,No,No,No,Yes,bye,"Bye !! inswinger,  good length,  on the stumps,  Jamie Smith hangs in the crease,  tries to swat it,  but the ball sails past the batter,  eluding the keeper,  batter sneaks 4 runs off bye."
England 1st Inning,70.2,70,2,Mohammad Abbas,Jamie Smith,0,no run,No,No,No,No,,"Dot ball !! fast ball,  good length,  on the stumps,  Jamie Smith goes back and strives to hit defensive shot,  aiming to fend it off,  but ball is too tricky to hit."
England 1st Inning,70.1,70,1,Mohammad Abbas,Jamie Smith,0,no run,No,No,Yes,No,,Mohammad Abbas lands this on a good length around off stump. The batter keeps it out with no run taken.
England 1st Inning,69.5,69,5,Mohammad Imran Randhawa,Jamie Smith,1,1 run,No,No,No,No,,"Jamie Smith goes back to take fast ball of back of length aimed on the off stump,  executing a confident push that sent the ball sailing towards deep mid wicket for 1 run."
England 1st Inning,69.4,69,4,Mohammad Imran Randhawa,Jamie Smith,0,no run,No,No,No,No,,"Dot ball !! fast ball,  good length,  on the off stump,  goes back,  played it to the point."
England 1st Inning,69.3,69,3,Mohammad Imran Randhawa,Jamie Smith,0,no run,No,No,No,No,,"Dot ball !! fast ball,  good length,  on the off stump,  Jamie Smith goes forward,  tucks defensive shot toward the fielder at short cover,  who halts the ball."
England 1st Inning,69.2,69,2,Mohammad Imran Randhawa,Jamie Smith,0,no run,No,No,No,No,,"Dot ball !! fast ball,  good length,  on the off stump,  Jamie Smith goes forward and slash defensive shot towards short mid wicket,  but the fielder reacts promptly and blocks it right away."
England 1st Inning,69.1,69,1,Mohammad Imran Randhawa,Jamie Smith,0,no run,No,No,No,No,,"Dot ball !! fast ball,  good length,  on the off stump,  Jamie Smith goes forward,  dabs defensive shot with soft hands toward point,  but the fielder is quick to react,  thwarts the ball."
England 1st Inning,68.6,68,6,Mohammad Abbas,Gus Atkinson,0,no run,No,No,No,No,,"Dot ball !! fast ball,  good length,  on the off stump,  Gus Atkinson hangs in the crease to the delivery,  tries to defend it with full face of the bat,  but the ball jags away at the last moment,  beating the bat."
England 1st Inning,68.5,68,5,Mohammad Abbas,Gus Atkinson,0,no run,No,No,No,No,,"Dot ball !! fast ball,  good length,  on the off stump,  goes forward,  plays defensive shot to the mid on."
England 1st Inning,68.4,68,4,Mohammad Abbas,Gus Atkinson,0,no run,No,No,No,No,,"Dot ball !! fast ball,  good length,  on the off stump,  Gus Atkinson goes forward and slash defensive shot towards short cover,  but the fielder reacts promptly and blocks it right away."
England 1st Inning,68.3,68,3,Mohammad Abbas,Gus Atkinson,0,no run,No,No,No,No,,"Dot ball !! fast ball,  good length,  on the off stump,  Gus Atkinson goes forward and dabs defensive shot,  but the fielder reacts promptly and blocks it right away."
England 1st Inning,68.2,68,2,Mohammad Abbas,Gus Atkinson,0,no run,No,No,No,No,,"Dot ball !! fast ball,  good length,  on the off stump,  goes forward,  plays defensive shot to the short cover."
England 1st Inning,68.1,68,1,Mohammad Abbas,Jamie Smith,1,1 run,No,No,No,No,,"Jamie Smith goes back to take fast ball of full length aimed on the off stump,  executing a confident cut that sent the ball sailing towards deep point for 1 run."
England 1st Inning,67.6,67,6,Mohammad Imran Randhawa,Gus Atkinson,0,no run,No,No,No,No,,"Dot ball !! fast ball,  good length,  on the off stump,  Gus Atkinson goes forward and dabs push,  but the fielder reacts promptly and blocks it right away."
England 1st Inning,67.5,67,5,Mohammad Imran Randhawa,Gus Atkinson,0,no run,No,No,No,No,,"Dot ball !! fast ball,  good length,  on the off stump,  goes forward,  plays defensive shot."
England 1st Inning,67.4,67,4,Mohammad Imran Randhawa,Gus Atkinson,0,4 bye,No,No,No,Yes,bye,"Bye !! fast ball,  full length,  on the leg stump,  Gus Atkinson hangs in the crease,  tries to swat it,  but the ball sails past the batter,  eluding the keeper,  batter sneaks 4 runs off bye."
England 1st Inning,67.3,67,3,Mohammad Imran Randhawa,Gus Atkinson,0,no run,No,No,No,No,,"Dot ball !! fast ball,  good length,  on the off stump,  Gus Atkinson goes forward and slash defensive shot towards short mid wicket,  but the fielder reacts promptly and blocks it right away."
England 1st Inning,67.2,67,2,Mohammad Imran Randhawa,Gus Atkinson,4,Four,Yes,No,No,No,,"Four !! fast ball,  full length,  on the off stump. Gus Atkinson goes forward,  hits drive in the gap towards deep cover,  and ball finds the ropes in a flash for four."
England 1st Inning,67.1,67,1,Mohammad Imran Randhawa,Jamie Smith,1,1 run,No,No,No,No,,"Mohammad Imran Randhawa delivers fast ball at good length,  Jamie Smith goes back and plays the shot,  but the ball goes straight to the fielder at deep point for 1 run."
England 1st Inning,66.6,66,6,Razaullah,Gus Atkinson,0,no run,No,No,No,No,,"Dot ball !! fast ball, good length,  on the off stump,  Gus Atkinson goes forward and tucks defensive shot toward the fielder,  who halts the ball."
England 1st Inning,66.5,66,5,Razaullah,Gus Atkinson,4,Four,Yes,No,No,No,,"Four !! fast ball,  back of length,  on the off stump. Gus Atkinson goes back,  hits pull in the gap towards deep mid wicket,  and ball finds the ropes in a flash for four."
England 1st Inning,66.4,66,4,Razaullah,Jamie Smith,1,1 run,No,No,No,No,,"Jamie Smith goes back and plays a well-timed cut off an fast ball delivers at a good length by the bowler,  but the ball lands safely in the hands of the fielder at deep point for 1 run."
England 1st Inning,66.3,66,3,Razaullah,Jamie Smith,0,no run,No,No,No,No,,"Dot ball !! fast ball, good length,  on the off stump,  Jamie Smith goes forward and tucks defensive shot toward the fielder,  who halts the ball."
England 1st Inning,66.2,66,2,Razaullah,Gus Atkinson,1,1 run,No,No,No,No,,"Gus Atkinson hangs in the crease and plays a well-timed cut off an fast ball delivers at a good length by the bowler,  but the ball lands safely in the hands of the fielder at deep cover for 1 run."
England 1st Inning,66.1,66,1,Razaullah,Jamie Smith,0,1 leg bye,No,No,No,Yes,leg_bye,"Leg Bye !! fast ball,  good length,  on the off stump,  Jamie Smith goes forward,  swats it,  but the ball slides off the body,  batter is quick to avail this leg bye for 1 run."
England 1st Inning,65.6,65,6,Mohammad Imran Randhawa,Gus Atkinson,0,no run,No,No,No,No,,"Dot ball !! fast ball,  good length,  on the off stump,  Gus Atkinson goes forward,  tucks defensive shot toward the fielder at short cover,  who halts the ball."
England 1st Inning,65.5,65,5,Mohammad Imran Randhawa,Gus Atkinson,0,no run,No,No,No,No,,"Dot ball !! fast ball,  good length,  on the off stump,  Gus Atkinson goes forward and slash defensive shot towards short mid wicket,  but the fielder reacts promptly and blocks it right away."
England 1st Inning,65.5,65,5,Mohammad Imran Randhawa,Gus Atkinson,0,1 no ball,No,No,No,Yes,no_ball,"No ball !! fast ball,  good length,  on the off stump,  Gus Atkinson goes forward,  slams defensive shot towards the short mid wicket,  It's a no ball ! Mohammad Imran Randhawa overstepped this one."
England 1st Inning,65.4,65,4,Mohammad Imran Randhawa,Gus Atkinson,0,no run,No,No,No,No,,"Dot ball !! fast ball,  good length,  on the off stump,  Gus Atkinson goes forward,  tucks defensive shot toward the fielder at short mid wicket,  who halts the ball."
England 1st Inning,65.3,65,3,Mohammad Imran Randhawa,Gus Atkinson,0,no run,No,No,No,No,,"Dot ball !! fast ball,  good length,  on the off stump,  Gus Atkinson goes forward,  tucks defensive shot toward the fielder at short cover,  who halts the ball."
England 1st Inning,65.2,65,2,Mohammad Imran Randhawa,Gus Atkinson,0,4 bye,No,No,No,Yes,bye,"Bye !! fast ball,  back of length,  on the off stump,  Gus Atkinson hangs in the crease,  tries to swat it,  but the ball sails past the batter,  eluding the keeper,  batter sneaks 4 runs off bye."
England 1st Inning,65.1,65,1,Mohammad Imran Randhawa,Gus Atkinson,0,no run,No,No,No,No,,"Dot ball !! fast ball,  good length,  on the off stump,  goes forward,  plays defensive shot."
England 1st Inning,64.6,64,6,Razaullah,Jamie Smith,4,Four,Yes,No,No,No,,"Four !! fast ball,  back of length,  on the off stump,  Jamie Smith elegantly goes back into the shot,  gracefully guides it to deep cover region,  the ball speeds away and finds the boundary rope."
England 1st Inning,64.5,64,5,Razaullah,Gus Atkinson,1,1 run,No,No,No,No,,"Pushed away off the delivery from Razaullah, and they scamper across to take a single."
England 1st Inning,64.4,64,4,Razaullah,Gus Atkinson,4,Four,Yes,No,No,No,,"Four !! fast ball,  full length,  on the stumps. Gus Atkinson goes forward,  hits drive in the gap towards long on,  and ball finds the ropes in a flash for four."
England 1st Inning,64.3,64,3,Razaullah,Gus Atkinson,0,no run,No,No,No,No,,"Dot ball !! fast ball,  good length,  on the off stump,  Gus Atkinson goes forward to the delivery,  tries to defend it with full face of the bat,  but the ball jags away at the last moment,  beating the bat."
England 1st Inning,64.2,64,2,Razaullah,Gus Atkinson,0,no run,No,No,Yes,No,,"Dot ball !! outswinger,  good length,  on the off stump,  Razaullah sends down a sharp delivery,  Gus Atkinson hangs in the crease to defend it,  but mistimes the shot,  beats the bat,  leaving the batter confused."
England 1st Inning,64.1,64,1,Razaullah,Gus Atkinson,0,no run,No,No,No,No,,"Dot ball !! fast ball,  good length,  on the stumps,  goes forward,  plays defensive shot to the mid on."
England 1st Inning,63.6,63,6,Mohammad Imran Randhawa,Jamie Smith,0,no run,No,No,No,No,,"Dot ball !! fast ball, full length,  on the off stump,  Jamie Smith goes forward and tucks defensive shot toward the fielder,  who halts the ball."
England 1st Inning,63.5,63,5,Mohammad Imran Randhawa,Jamie Smith,0,no run,No,No,No,No,,"Dot ball !! fast ball,  good length,  on the off stump,  Jamie Smith goes back,  dabs defensive shot with soft hands toward mid on,  but the fielder is quick to react,  thwarts the ball."
England 1st Inning,63.4,63,4,Mohammad Imran Randhawa,Jamie Smith,0,no run,No,No,No,No,,"Dot ball !! fast ball,  good length,  on the off stump,  Jamie Smith goes back,  dabs defensive shot with soft hands toward short cover,  but the fielder is quick to react,  thwarts the ball."
England 1st Inning,63.3,63,3,Mohammad Imran Randhawa,Jamie Smith,0,no run,No,No,No,No,,"Dot ball !! fast ball,  good length,  on the off stump,  goes forward,  plays defensive shot to the short cover."
England 1st Inning,63.3,63,3,Mohammad Imran Randhawa,Jamie Smith,0,1 no ball,No,No,No,Yes,no_ball,"No ball !! fast ball,  good length,  on the off stump,  Jamie Smith goes forward,  whacks an elegant defensive shot,  ball raced away to short cover,  earning,  It's a no ball ! Mohammad Imran Randhawa overstepped the crease."
England 1st Inning,63.2,63,2,Mohammad Imran Randhawa,Jamie Smith,0,no run,No,No,No,No,,"Dot ball !! fast ball,  good length,  on the off stump,  Jamie Smith goes forward and slash defensive shot towards short cover,  but the fielder reacts promptly and blocks it right away."
England 1st Inning,63.1,63,1,Mohammad Imran Randhawa,Jamie Smith,0,no run,No,No,No,No,,"Dot ball !! fast ball,  good length,  on the stumps,  Jamie Smith hangs in the crease,  tucks cut toward the fielder at mid on,  who halts the ball."
England 1st Inning,62.6,62,6,Razaullah,Gus Atkinson,0,no run,No,No,No,No,,"Dot ball !! fast ball,  good length,  on the off stump,  goes forward,  plays defensive shot to the mid on."
England 1st Inning,62.5,62,5,Razaullah,Gus Atkinson,0,no run,No,No,No,No,,"Dot ball !! bouncer,  back of length,  on the stumps,  Razaullah sends down a sharp delivery,  Gus Atkinson goes back to defend it,  but mistimes the shot,  beats the bat,  leaving the batter confused."
England 1st Inning,62.4,62,4,Razaullah,Gus Atkinson,0,no run,No,No,No,No,,"Dot ball !! fast ball,  good length,  on the off stump,  Gus Atkinson goes forward,  tucks defensive shot toward the fielder at short cover,  who halts the ball."
England 1st Inning,62.3,62,3,Razaullah,Gus Atkinson,4,Four,Yes,No,No,No,,"Four !! fast ball,  good length,  on the off stump. Gus Atkinson goes back,  hits cut in the gap towards third man,  and ball finds the ropes in a flash for four."
England 1st Inning,62.2,62,2,Razaullah,Gus Atkinson,0,no run,No,No,No,No,,"Dot ball !! fast ball,  good length,  on the stumps,  Gus Atkinson goes forward,  tucks defensive shot toward the fielder at short mid wicket,  who halts the ball."
England 1st Inning,62.1,62,1,Razaullah,Gus Atkinson,0,no run,No,No,No,No,,"Razaullah bowls a full length delivery on the stumps, and the batter works it away for no run."
England 1st Inning,61.6,61,6,Mohammad Imran Randhawa,Gus Atkinson,1,1 run,No,No,No,No,,"Gus Atkinson goes forward and plays defensive shot off an fast ball delivers at a good length by the bowler,  edged!! and the ball lands safely in the hands of the fielder at deep square leg for 1 run."
England 1st Inning,61.5,61,5,Mohammad Imran Randhawa,Gus Atkinson,0,no run,No,No,No,No,,"Dot ball !! fast ball,  good length,  on the off stump,  goes forward,  plays defensive shot to the short cover."
England 1st Inning,61.4,61,4,Mohammad Imran Randhawa,Gus Atkinson,0,no run,No,No,No,No,,"Dot ball !! fast ball,  full length,  on the off stump,  goes forward,  plays defensive shot to the mid off."
England 1st Inning,61.3,61,3,Mohammad Imran Randhawa,Gus Atkinson,0,no run,No,No,No,No,,"Dot ball !! fast ball,  good length,  on the off stump,  goes forward,  plays defensive shot."
England 1st Inning,61.1,61,1,Mohammad Imran Randhawa,Dan Lawrence,0,no run,No,No,No,No,,"Dot ball !! fast ball,  good length,  on the off stump,  goes back,  plays defensive shot to the short mid wicket."
England 1st Inning,60.6,60,6,Razaullah,Jamie Smith,4,Four,Yes,No,No,No,,"Four !! bouncer,  short length,  on the off stump. Jamie Smith goes back and tries pull,  edged!! in the gap towards deep fine leg,  and ball finds the ropes in a flash for four."
England 1st Inning,60.5,60,5,Razaullah,Jamie Smith,4,Four,Yes,No,No,No,,"Four !! fast ball,  good length,  on the off stump. Jamie Smith goes back,  hits flick shot in the gap towards deep mid wicket,  and ball finds the ropes in a flash for four."
England 1st Inning,60.4,60,4,Razaullah,Jamie Smith,0,no run,No,No,No,No,,"Dot ball !! bouncer,  short length,  on the off stump,  Jamie Smith goes back,  dabs cut with soft hands toward slip,  but the fielder is quick to react,  thwarts the ball."
England 1st Inning,60.3,60,3,Razaullah,Jamie Smith,2,2 runs,No,No,No,No,,"Jamie Smith goes back and plays a well-timed flick shot off an fast ball delivers at a good length by the bowler,  but the ball lands safely in the hands of the fielder at deep mid wicket for 2 runs."
England 1st Inning,60.2,60,2,Razaullah,Jamie Smith,0,no run,No,No,No,No,,"Dot ball !! fast ball,  good length,  on the off stump,  Jamie Smith goes forward,  tucks drive toward the fielder at mid off,  who halts the ball."
England 1st Inning,60.1,60,1,Razaullah,Jamie Smith,0,no run,No,No,No,No,,"Dot ball !! fast ball,  good length,  on the off stump,  Jamie Smith goes forward,  tucks defensive shot toward the fielder at short cover,  who halts the ball."
England 1st Inning,59.6,59,6,Mohammad Imran Randhawa,Jamie Smith,1,1 run,No,No,No,No,,"Jamie Smith goes back and plays a well-timed cut off an fast ball delivers at a good length by the bowler,  but the ball lands safely in the hands of the fielder at deep point for 1 run."
England 1st Inning,59.5,59,5,Mohammad Imran Randhawa,Jamie Smith,0,no run,No,No,No,No,,"Dot ball !! fast ball,  full length,  on the stumps,  Jamie Smith goes forward and slash defensive shot towards short cover,  but the fielder reacts promptly and blocks it right away."
England 1st Inning,59.4,59,4,Mohammad Imran Randhawa,Jamie Smith,0,no run,No,No,No,No,,"Dot ball !! fast ball,  good length,  on the off stump,  Jamie Smith goes forward,  tucks drive toward the fielder at short cover,  who halts the ball."
England 1st Inning,59.4,59,4,Mohammad Imran Randhawa,Jamie Smith,0,1 no ball,No,No,No,Yes,no_ball,"No ball !! fast ball,  good length,  on the off stump,  Jamie Smith goes forward,  slams defensive shot,  sending the ball towards the short cover,  umpire calls a no ball as Mohammad Imran Randhawa overstepped the crease."
England 1st Inning,59.3,59,3,Mohammad Imran Randhawa,Jamie Smith,0,no run,No,No,No,No,,"Dot ball !! fast ball,  good length,  on the off stump,  goes forward,  plays defensive shot to the short cover."
England 1st Inning,59.2,59,2,Mohammad Imran Randhawa,Jamie Smith,0,no run,No,No,No,No,,"Dot ball !! fast ball,  good length,  on the off stump,  Jamie Smith goes back to the delivery,  tries to defend it with full face of the bat,  but the ball jags away at the last moment,  beating the bat."
England 1st Inning,59.1,59,1,Mohammad Imran Randhawa,Jamie Smith,4,Four,Yes,No,No,No,,"Four !! fast ball,  full length,  on the stumps. Jamie Smith goes forward,  hits flick shot in the gap towards deep mid wicket,  and ball finds the ropes in a flash for four."
England 1st Inning,58.6,58,6,Razaullah,Jamie Smith,1,1 run,No,No,No,No,,"Jamie Smith goes back and plays a well-timed push off an fast ball delivers at a good length by the bowler,  but the ball lands safely in the hands of the fielder at deep mid wicket for 1 run."
England 1st Inning,58.5,58,5,Razaullah,Jamie Smith,2,2 runs,No,No,No,No,,"Jamie Smith goes back and plays a well-timed punch off an fast ball delivers at a good length by the bowler,  but the ball lands safely in the hands of the fielder at deep cover for 2 runs."
England 1st Inning,58.4,58,4,Razaullah,Dan Lawrence,1,1 run,No,No,No,No,,"Razaullah delivers fast ball at good length,  Dan Lawrence goes forward and tucks it. But the ball is stopped by the fielder standing at the deep cover,  limits Dan Lawrence to just 1 run."
England 1st Inning,58.3,58,3,Razaullah,Jamie Smith,1,1 run,No,No,No,No,,"An accurately pitched fast ball on the off stump,  Jamie Smith goes forward to make a confident push,  sending the ball towards mid on for 1 run."
England 1st Inning,58.2,58,2,Razaullah,Jamie Smith,2,2 runs,No,No,No,No,,"Jamie Smith goes forward and plays a well-timed drive off an fast ball delivers at a good length by the bowler,  but the ball lands safely in the hands of the fielder at long off for 2 runs."
England 1st Inning,58.1,58,1,Razaullah,Jamie Smith,2,2 runs,No,No,No,No,,"Jamie Smith goes back and plays a well-timed punch off an fast ball delivers at a good length by the bowler,  but the ball lands safely in the hands of the fielder at deep cover for 2 runs."
England 1st Inning,57.6,57,6,Mohammad Imran Randhawa,Dan Lawrence,0,no run,No,No,No,No,,"Dot ball !! fast ball,  back of length,  on the off stump,  goes forward,  plays defensive shot to the mid on."
England 1st Inning,57.5,57,5,Mohammad Imran Randhawa,Jamie Smith,1,1 run,No,No,No,No,,"An accurately pitched fast ball on the off stump,  Jamie Smith goes back to make a confident flick shot,  sending the ball towards deep square leg for 1 run."
England 1st Inning,57.4,57,4,Mohammad Imran Randhawa,Dan Lawrence,1,1 run,No,No,No,No,,"An accurately pitched fast ball on the off stump,  Dan Lawrence goes back to make a confident push,  sending the ball towards deep point for 1 run."
England 1st Inning,57.3,57,3,Mohammad Imran Randhawa,Dan Lawrence,2,2 runs,No,No,No,No,,"Dan Lawrence goes back and plays a well-timed flick shot off an fast ball delivers at a good length by the bowler,  but the ball lands safely in the hands of the fielder at deep fine leg for 2 runs."
England 1st Inning,57.2,57,2,Mohammad Imran Randhawa,Dan Lawrence,0,no run,No,No,No,No,,"Dot ball !! fast ball,  good length,  on the off stump,  goes back,  plays defensive shot to the short cover."
England 1st Inning,57.1,57,1,Mohammad Imran Randhawa,Dan Lawrence,0,no run,No,No,No,No,,"Dot ball !! fast ball,  good length,  on the off stump,  goes forward,  plays defensive shot to the mid on."
England 1st Inning,56.6,56,6,Mohammad Ali,Jamie Smith,0,no run,No,No,No,No,,"Dot ball !! fast ball,  good length,  on the stumps,  goes forward,  plays defensive shot to the short cover."
England 1st Inning,56.5,56,5,Mohammad Ali,Jamie Smith,0,no run,No,No,No,No,,"Dot ball !! fast ball,  good length,  on the off stump,  goes forward,  plays defensive shot to the point."
England 1st Inning,56.5,56,5,Mohammad Ali,Jamie Smith,0,1 wide,No,No,Yes,Yes,wide,"Wide Ball !! bouncer back of length,  on the off stump,  Mohammad Ali strays from his line,  sending it too far outside the off-stump. The Umpire calls it a wide."
England 1st Inning,56.5,56,5,Mohammad Ali,Dan Lawrence,0,2 no ball,No,No,No,Yes,no_ball,"No ball !! fast ball,  good length,  on the off stump,  Dan Lawrence goes back,  displays his finesse with a beautifully timed cut,  ball rolls towards deep point,  umpire signals a no ball,  as Mohammad Ali had overstepped."
England 1st Inning,56.4,56,4,Mohammad Ali,Dan Lawrence,0,no run,No,No,No,No,,"Dot ball !! , good length,  on the off stump,  Dan Lawrence goes forward and tucks defensive shot toward the fielder,  who halts the ball."
England 1st Inning,56.3,56,3,Mohammad Ali,Jamie Smith,1,1 run,No,No,No,No,,"Jamie Smith goes back to take fast ball of back of length aimed on the off stump,  executing a confident push that sent the ball sailing towards long on for 1 run."
England 1st Inning,56.2,56,2,Mohammad Ali,Jamie Smith,0,no run,No,No,No,No,,"Dot ball !! fast ball,  back of length,  on the off stump,  goes forward,  plays defensive shot to the point."
England 1st Inning,56.1,56,1,Mohammad Ali,Jamie Smith,0,no run,No,No,Yes,No,,"Dot ball !! outswinger,  good length,  on the off stump,  Mohammad Ali sends down a sharp delivery,  Jamie Smith goes forward to defend it,  but mistimes the shot,  beats the bat,  leaving the batter confused."
England 1st Inning,55.6,55,6,Saim Ayub,Jamie Smith,1,1 run,No,No,No,No,,"An accurately pitched on the off stump,  Jamie Smith goes back to make a confident push,  sending the ball towards deep cover for 1 run."
England 1st Inning,55.5,55,5,Saim Ayub,Dan Lawrence,1,1 run,No,No,No,No,,"An accurately pitched off break ball on the off stump,  Dan Lawrence goes back to make a confident push,  sending the ball towards long on for 1 run."
England 1st Inning,55.4,55,4,Saim Ayub,Dan Lawrence,0,no run,No,No,No,No,,"Dot ball !! ,  full length,  on the stumps,  Dan Lawrence goes forward,  dabs defensive shot with soft hands toward mid on,  but the fielder is quick to react,  thwarts the ball."
England 1st Inning,55.3,55,3,Saim Ayub,Dan Lawrence,0,no run,No,No,No,No,,"Dot ball !! arm ball,  good length,  on the off stump,  Dan Lawrence goes back,  tucks cut toward the fielder at point,  who halts the ball."
England 1st Inning,55.2,55,2,Saim Ayub,Dan Lawrence,4,Four,Yes,No,No,No,,"Four !! off break ball,  good length,  on the stumps,  Dan Lawrence elegantly goes forward into the shot,  gracefully guides it to long on region,  the ball speeds away and finds the boundary rope."
England 1st Inning,55.1,55,1,Saim Ayub,Dan Lawrence,0,no run,No,No,No,No,,"Dot ball !! off break ball,  good length,  on the off stump,  Dan Lawrence goes back,  tucks defensive shot toward the fielder at short cover,  who halts the ball."
England 1st Inning,54.6,54,6,Mohammad Ali,Jamie Smith,0,no run,No,No,No,No,,"Dot ball !! fast ball,  good length,  on the off stump,  Jamie Smith goes forward,  tucks defensive shot toward the fielder at short cover,  who halts the ball."
England 1st Inning,54.5,54,5,Mohammad Ali,Jamie Smith,0,no run,No,No,No,No,,"Dot ball !! fast ball,  good length,  on the off stump,  Mohammad Ali sends down a sharp delivery,  Jamie Smith goes forward to defend it,  but mistimes the shot,  beats the bat,  leaving the batter confused."
England 1st Inning,54.4,54,4,Mohammad Ali,Jamie Smith,4,Four,Yes,No,No,No,,"Four !! fast ball,  good length,  on the leg stump. Jamie Smith goes forward,  hits flick shot in the gap towards deep fine leg,  and ball finds the ropes in a flash for four."
England 1st Inning,54.3,54,3,Mohammad Ali,Jamie Smith,0,no run,No,No,No,No,,"Dot ball !! fast ball,  good length,  on the stumps,  Jamie Smith goes forward,  tucks defensive shot toward the fielder at mid on,  who halts the ball."
England 1st Inning,54.2,54,2,Mohammad Ali,Jamie Smith,0,no run,No,No,Yes,No,,"Dot ball !! fast ball,  good length,  on the off stump,  Mohammad Ali sends down a delivery outside the off stump,  and Jamie Smith goes forward and watches it closely,  deciding to let ball go to the keeper."
England 1st Inning,54.1,54,1,Mohammad Ali,Jamie Smith,4,Four,Yes,No,No,No,,"Four !! fast ball,  full length,  on the off stump. Jamie Smith goes forward,  hits drive in the gap towards deep cover,  and ball finds the ropes in a flash for four."
England 1st Inning,53.6,53,6,Saim Ayub,Jamie Smith,1,1 run,No,No,No,No,,"Jamie Smith goes forward and plays a well-timed push off an delivers at a full length by the bowler,  but the ball lands safely in the hands of the fielder at long off for 1 run."
England 1st Inning,53.5,53,5,Saim Ayub,Jamie Smith,0,no run,No,No,No,No,,"Dot Ball !! off break ball,  good length,  on the off stump,  and Jamie Smith hangs on and tries to hit cut,  but misses it completely as ball beats the bat,  goes to the keeper."
England 1st Inning,53.4,53,4,Saim Ayub,Jamie Smith,4,Four,Yes,No,No,No,,"Four !! arm ball,  full length,  on the stumps,  Jamie Smith elegantly goes forward into the shot,  gracefully guides it to long on region,  the ball speeds away and finds the boundary rope."
England 1st Inning,53.3,53,3,Saim Ayub,Jamie Smith,0,no run,No,No,No,No,,"Dot ball !! off break ball,  good length,  on the off stump,  Jamie Smith goes back,  tucks push toward the fielder at mid off,  who halts the ball."
England 1st Inning,53.2,53,2,Saim Ayub,Jamie Smith,6,Six,No,Yes,No,No,,"Six !! What a delivery! off break ball lands right on the stumps,  Jamie Smith goes forward,  exhibits impeccable timing as batter hammers and sends it flying to the long on region for a remarkable Maximum!"
England 1st Inning,53.1,53,1,Saim Ayub,Dan Lawrence,1,1 run,No,No,No,No,,"Dan Lawrence hangs in the crease and plays a well-timed sweep off an delivers at a full length by the bowler,  but the ball lands safely in the hands of the fielder at deep square leg for 1 run."
England 1st Inning,52.6,52,6,Mohammad Ali,Jamie Smith,0,no run,No,No,No,No,,"Dot ball !! fast ball,  good length,  on the off stump,  Mohammad Ali sends down a sharp delivery,  Jamie Smith hangs in the crease to defend it,  but mistimes the shot,  beats the bat,  leaving the batter confused."
England 1st Inning,52.5,52,5,Mohammad Ali,Jamie Smith,0,no run,No,No,No,No,,"Dot ball !! fast ball,  good length,  on the stumps,  Jamie Smith goes back,  trying to hit defensive shot,  but the ball shapes away late,  beats the bat."
England 1st Inning,52.4,52,4,Mohammad Ali,Jamie Smith,0,no run,No,No,No,No,,"Dot ball !! fast ball,  good length,  on the off stump,  Jamie Smith hangs in the crease to the delivery,  tries to defend it with full face of the bat,  but the ball jags away at the last moment,  beating the bat."
England 1st Inning,52.3,52,3,Mohammad Ali,Jamie Smith,0,no run,No,No,Yes,No,,"Mohammad Ali lands it on a good length outside off stump, and the batter lets it go through. No run."
England 1st Inning,52.2,52,2,Mohammad Ali,Jamie Smith,0,no run,No,No,Yes,No,,"Dot ball !! outswinger,  good length,  on the off stump,  Jamie Smith hangs in the crease to the delivery,  letting it go to the keeper without offering a shot."
England 1st Inning,52.1,52,1,Mohammad Ali,Jamie Smith,0,no run,No,No,Yes,No,,"Dot Ball !! outswinger,  good length,  on the off stump,  and Jamie Smith hangs on and tries to hit defensive shot,  but misses it completely as ball beats the bat,  goes to the keeper."
England 1st Inning,51.6,51,6,Saim Ayub,Jamie Smith,1,1 run,No,No,No,No,,"Jamie Smith goes forward to take off break ball of good length aimed on the stumps,  executing a confident push that sent the ball sailing towards mid on for 1 run."
England 1st Inning,51.5,51,5,Saim Ayub,Jamie Smith,0,no run,No,No,No,No,,"Dot ball !! off break ball,  full length,  on the stumps,  Jamie Smith goes forward and dabs defensive shot with soft hands,  but the fielder is quick to react and thwarts the ball."
England 1st Inning,51.4,51,4,Saim Ayub,Dan Lawrence,1,1 run,No,No,No,No,,"Dan Lawrence goes forward to take off break ball of full length aimed on the off stump,  executing a confident push that sent the ball sailing towards long off for 1 run."
England 1st Inning,51.3,51,3,Saim Ayub,Dan Lawrence,0,no run,No,No,No,No,,"Dot ball !! off break ball,  good length,  on the off stump,  Dan Lawrence goes forward and slash defensive shot towards short cover,  but the fielder reacts promptly and blocks it right away."
England 1st Inning,51.2,51,2,Saim Ayub,Jamie Smith,1,1 run,No,No,No,No,,"Jamie Smith goes back to take off break ball of good length aimed on the off stump,  executing a confident cut that sent the ball sailing towards deep mid wicket for 1 run."
England 1st Inning,51.1,51,1,Saim Ayub,Jamie Smith,0,no run,No,No,No,No,,"Dot ball !! off break ball,  good length,  on the off stump,  Jamie Smith goes forward,  trying to hit defensive shot,  but the ball shapes away late,  beats the bat."
England 1st Inning,50.6,50,6,Mohammad Ali,Dan Lawrence,0,no run,No,No,Yes,No,,"Dot ball !! outswinger,  good length,  on the off stump,  Mohammad Ali sends down a delivery outside the off stump,  and Dan Lawrence hangs in the crease and watches it closely,  deciding to let ball go to the keeper."
England 1st Inning,50.5,50,5,Mohammad Ali,Dan Lawrence,0,no run,No,No,No,No,,"Mohammad Ali lands a good length delivery on off stump, yielding no run."
England 1st Inning,50.4,50,4,Mohammad Ali,Dan Lawrence,0,no run,No,No,No,No,,"Mohammad Ali lands it on a good length around off stump, and the batter defends solidly for no run."
England 1st Inning,50.3,50,3,Mohammad Ali,Dan Lawrence,0,no run,No,No,No,No,,"Dot ball !! fast ball,  good length,  on the off stump,  Dan Lawrence hangs in the crease to make a room for himself,  but left it alone for the keeper to collect at the last moment."
England 1st Inning,50.3,50,3,Mohammad Ali,Dan Lawrence,0,1 no ball,No,No,No,Yes,no_ball,"No ball !! fast ball,  back of length,  on the off stump,  Dan Lawrence hangs in the crease,  slams defensive shot,  sending the ball towards the mid on,  umpire calls a no ball as Mohammad Ali overstepped the crease."
England 1st Inning,50.2,50,2,Mohammad Ali,Dan Lawrence,0,no run,No,No,Yes,No,,"Dot ball !! outswinger,  good length,  on the off stump,  Dan Lawrence hangs in the crease,  trying to hit defensive shot,  but the ball shapes away late,  beats the bat."
England 1st Inning,50.1,50,1,Mohammad Ali,Dan Lawrence,0,no run,No,No,Yes,No,,"Dot Ball !! outswinger,  good length,  on the off stump,  and Dan Lawrence hangs on and tries to hit drive,  but misses it completely as ball beats the bat,  goes to the keeper."
England 1st Inning,49.6,49,6,Saim Ayub,Dan Lawrence,1,1 run,No,No,No,No,,"Dan Lawrence hangs in the crease and plays a well-timed flick shot off an off break ball delivers at a good length by the bowler,  but the ball lands safely in the hands of the fielder at mid on for 1 run."
England 1st Inning,49.5,49,5,Saim Ayub,Dan Lawrence,0,no run,No,No,No,No,,"Dot ball !! off break ball,  good length,  on the off stump,  Dan Lawrence goes back,  tucks cut toward the fielder at point,  who halts the ball."
England 1st Inning,49.4,49,4,Saim Ayub,Dan Lawrence,0,no run,No,No,No,No,,"Dot ball !! arm ball,  good length,  on the off stump,  Dan Lawrence hangs in the crease and slash defensive shot towards short cover,  but the fielder reacts promptly and blocks it right away."
England 1st Inning,49.3,49,3,Saim Ayub,Dan Lawrence,0,no run,No,No,No,No,,"Dot ball !! off break ball,  good length,  on the stumps,  Dan Lawrence goes forward and dabs defensive shot,  but the fielder reacts promptly and blocks it right away."
England 1st Inning,49.2,49,2,Saim Ayub,Dan Lawrence,0,no run,No,No,No,No,,"Dot ball !! arm ball,  good length,  on the off stump,  Dan Lawrence goes forward,  dabs drive with soft hands toward short cover,  but the fielder is quick to react,  thwarts the ball."
England 1st Inning,48.6,48,6,Mohammad Ali,Dan Lawrence,0,no run,No,No,Yes,No,,Mohammad Ali hits a good length around off stump. The batter keeps it out to end the over.
England 1st Inning,48.5,48,5,Mohammad Ali,Dan Lawrence,0,no run,No,No,Yes,No,,"Dot ball !! outswinger,  good length,  on the off stump,  Mohammad Ali sends down a delivery outside the off stump,  and Dan Lawrence hangs in the crease and watches it closely,  deciding to let ball go to the keeper."
England 1st Inning,48.4,48,4,Mohammad Ali,Dan Lawrence,0,no run,No,No,Yes,No,,"Dot ball !! outswinger,  good length,  on the off stump,  Dan Lawrence goes forward,  trying to hit drive,  but the ball shapes away late,  beats the bat."
England 1st Inning,48.4,48,4,Mohammad Ali,Dan Lawrence,0,1 no ball,No,No,No,Yes,no_ball,"No ball !! fast ball,  good length,  on the off stump,  Dan Lawrence hangs in the crease,  displays his finesse with a beautifully timed defensive shot,  umpire signals it a no ball,  as Mohammad Ali had overstepped."
England 1st Inning,48.3,48,3,Mohammad Ali,Harry Brook,1,1 run,No,No,No,No,,"Harry Brook hangs in the crease and plays a well-timed defensive shot off an fast ball delivers at a good length by the bowler,  but the ball lands safely in the hands of the fielder at mid on for 1 run."
England 1st Inning,48.2,48,2,Mohammad Ali,Harry Brook,2,2 runs,No,No,No,No,,"Harry Brook hangs in the crease and plays a well-timed flick shot off an fast ball delivers at a good length by the bowler,  but the ball lands safely in the hands of the fielder at deep mid wicket for 2 runs."
England 1st Inning,48.1,48,1,Mohammad Ali,Harry Brook,4,Four,Yes,No,No,No,,Mohammad Ali starts the over and concedes a boundary. Harry Brook finds the fence to pick up four runs.
England 1st Inning,47.6,47,6,Saim Ayub,Harry Brook,1,1 run,No,No,No,No,,"Harry Brook goes forward and plays a well-timed drive off an arm ball delivers at a full length by the bowler,  but the ball lands safely in the hands of the fielder at deep cover for 1 run."
England 1st Inning,47.5,47,5,Saim Ayub,Harry Brook,0,no run,No,No,No,No,,"Dot ball !! off break ball,  full length,  on the stumps,  Harry Brook goes forward and dabs defensive shot with soft hands,  but the fielder is quick to react and thwarts the ball."
England 1st Inning,47.4,47,4,Saim Ayub,Harry Brook,2,2 runs,No,No,No,No,,"Harry Brook goes back and plays a well-timed cut off an arm ball delivers at a good length by the bowler,  but the ball lands safely in the hands of the fielder at deep cover for 2 runs."
England 1st Inning,47.3,47,3,Saim Ayub,Dan Lawrence,1,1 run,No,No,No,No,,"Saim Ayub pitches it full length on the stumps, and it is worked away for one."
England 1st Inning,47.2,47,2,Saim Ayub,Dan Lawrence,2,2 runs,No,No,No,No,,"Dan Lawrence hangs in the crease and plays a well-timed flick shot off an off break ball delivers at a good length by the bowler,  but the ball lands safely in the hands of the fielder at deep square leg for 2 runs."
England 1st Inning,47.1,47,1,Saim Ayub,Harry Brook,1,1 run,No,No,No,No,,"Harry Brook hangs in the crease and plays a well-timed flick shot off an off break ball delivers at a full length by the bowler,  but the ball lands safely in the hands of the fielder at deep square leg for 1 run."
England 1st Inning,46.6,46,6,Mohammad Abbas,Harry Brook,1,1 run,No,No,Yes,No,,"Mohammad Abbas lands it on a good length outside off stump, guided away for one to retain the strike."
England 1st Inning,46.5,46,5,Mohammad Abbas,Harry Brook,0,no run,No,No,No,No,,Mohammad Abbas pitches this full length on the stumps. The batter defends it safely.
England 1st Inning,46.4,46,4,Mohammad Abbas,Harry Brook,0,no run,No,No,No,No,,Mohammad Abbas lands this on a good length around off stump. The batter defends it solidly.
England 1st Inning,46.3,46,3,Mohammad Abbas,Harry Brook,0,no run,No,No,No,No,,"Mohammad Abbas hits a good length around off stump, and the batter defends safely. No run."
England 1st Inning,46.2,46,2,Mohammad Abbas,Dan Lawrence,1,1 run,No,No,No,No,,"Dan Lawrence hangs in the crease to take fast ball of good length aimed on the stumps,  executing a confident flick shot that sent the ball sailing towards deep square leg for 1 run."
England 1st Inning,46.1,46,1,Mohammad Abbas,Dan Lawrence,0,no run,No,No,No,No,,"Mohammad Abbas lands this on a good length around off stump, and the batter defends solidly."
England 1st Inning,45.6,45,6,Mohammad Ali,Dan Lawrence,1,1 run,No,No,No,No,,"Dan Lawrence hangs in the crease and plays a well-timed flick shot off an fast ball delivers at a good length by the bowler,  but the ball lands safely in the hands of the fielder at short mid wicket for 1 run."
England 1st Inning,45.6,45,6,Mohammad Ali,Dan Lawrence,0,1 no ball,No,No,No,Yes,no_ball,"No ball !! fast ball,  good length,  on the off stump,  Dan Lawrence hangs in the crease,  displays his finesse with a beautifully timed defensive shot,  ball rolls towards short mid wicket,  umpire signals a no ball,  as Mohammad Ali had overstepped."
England 1st Inning,45.5,45,5,Mohammad Ali,Dan Lawrence,0,no run,No,No,No,No,,"Mohammad Ali bowls a tidy delivery, and the batter cannot find a gap."
England 1st Inning,45.4,45,4,Mohammad Ali,Dan Lawrence,0,no run,No,No,Yes,No,,"Dot ball !! fast ball,  good length,  on the off stump,  Mohammad Ali sends down a delivery outside the off stump,  and Dan Lawrence hangs in the crease and watches it closely,  deciding to let ball go to the keeper."
England 1st Inning,45.3,45,3,Mohammad Ali,Dan Lawrence,0,no run,No,No,Yes,No,,"Dot ball !! outswinger,  good length,  on the off stump,  Mohammad Ali bowls a sharp delivery,  and Dan Lawrence hangs in the crease to defend the ball,  but the ball nips away and beats the bat,  leaving the batter stranded."
England 1st Inning,45.2,45,2,Mohammad Ali,Dan Lawrence,0,no run,No,No,No,No,,"Dot ball !! fast ball,  good length,  on the off stump,  Dan Lawrence goes forward and slash defensive shot towards short cover,  but the fielder reacts promptly and blocks it right away."
England 1st Inning,45.1,45,1,Mohammad Ali,Dan Lawrence,0,no run,No,No,Yes,No,,"Dot ball !! fast ball,  good length,  on the off stump,  Dan Lawrence hangs in the crease to the delivery,  letting it go to the keeper without offering a shot."
England 1st Inning,44.6,44,6,Mohammad Abbas,Dan Lawrence,0,1 bye,No,No,No,Yes,bye,"Bye !! fast ball,  good length,  on the stumps,  Dan Lawrence hangs in the crease to take a swing,  the ball beats both batter and keeper,  1 runs off bye."
England 1st Inning,44.5,44,5,Mohammad Abbas,Dan Lawrence,0,no run,No,No,No,No,,"Dot ball !! fast ball,  full length,  on the stumps,  hangs in the crease,  plays defensive shot to the short mid wicket."
England 1st Inning,44.4,44,4,Mohammad Abbas,Dan Lawrence,4,Four,Yes,No,No,No,,"Four !! fast ball,  good length,  on the off stump,  hangs in the crease,  delivers drive,  edged!!,  into the gap towards deep point for four."
England 1st Inning,44.3,44,3,Mohammad Abbas,Dan Lawrence,0,no run,No,No,No,No,,Mohammad Abbas runs in and delivers a dot ball as the batter defends safely.
England 1st Inning,44.2,44,2,Mohammad Abbas,Dan Lawrence,0,no run,No,No,No,No,,"Mohammad Abbas lands this on a good length around off stump, and the batter defends safely."
England 1st Inning,44.1,44,1,Mohammad Abbas,Dan Lawrence,4,Four,Yes,No,No,No,,"Four !! off cutter,  good length,  on the off stump,  Dan Lawrence hangs in the crease and caresses flick shot to deep mid wicket,  it raced away to the fence for four."
England 1st Inning,43.6,43,6,Razaullah,Harry Brook,2,2 runs,No,No,No,No,,"Harry Brook hangs in the crease to take inswinger of good length aimed on the stumps,  executing a confident flick shot that sent the ball sailing towards deep fine leg for 2 runs."
England 1st Inning,43.5,43,5,Razaullah,Dan Lawrence,1,1 run,No,No,No,No,,"fast ball,  good length,  on the off stump,  hangs in the crease,  plays drive,  towards the deep cover for 1 run."
England 1st Inning,43.4,43,4,Razaullah,Dan Lawrence,2,2 runs,No,No,No,No,,"Dan Lawrence goes forward and plays a well-timed flick shot off an fast ball delivers at a good length by the bowler,  but the ball lands safely in the hands of the fielder at deep mid wicket for 2 runs."
England 1st Inning,43.3,43,3,Razaullah,Dan Lawrence,0,no run,No,No,No,No,,"Razaullah hits a good length around off stump, and the batter cannot find a way through."
England 1st Inning,43.2,43,2,Razaullah,Dan Lawrence,4,Four,Yes,No,Yes,No,,"Four !! outswinger,  full length,  on the off stump. Dan Lawrence hangs in the crease,  hits cut in the gap towards deep point,  and ball finds the ropes in a flash for four."
England 1st Inning,43.1,43,1,Razaullah,Dan Lawrence,4,Four,Yes,No,No,No,,"Four !! fast ball,  good length,  on the stumps,  Dan Lawrence hangs in the crease and caresses pull to deep square leg,  it raced away to the fence for four."
England 1st Inning,42.6,42,6,Mohammad Abbas,Harry Brook,0,no run,No,No,No,No,,Mohammad Abbas finishes the over cleanly as the batter defends for no run.
England 1st Inning,42.5,42,5,Mohammad Abbas,Dan Lawrence,3,3 runs,No,No,No,No,,"Dan Lawrence hangs in the crease to take fast ball of full length aimed on the stumps,  executing a confident drive that sent the ball sailing towards deep cover for 3 runs."
England 1st Inning,42.4,42,4,Mohammad Abbas,Harry Brook,1,1 run,No,No,No,No,,"An accurately pitched inswinger on the stumps,  Harry Brook hangs in the crease to make a confident flick shot,  sending the ball towards short mid wicket for 1 run."
England 1st Inning,42.3,42,3,Mohammad Abbas,Harry Brook,0,no run,No,No,No,No,,"Dot ball !! fast ball,  full length,  on the stumps,  Harry Brook hangs in the crease,  dabs defensive shot with soft hands toward point,  but the fielder is quick to react,  thwarts the ball."
England 1st Inning,42.2,42,2,Mohammad Abbas,Harry Brook,0,no run,No,No,No,No,,"Dot ball !! fast ball,  good length,  on the off stump,  Harry Brook hangs in the crease and slash defensive shot towards point,  but the fielder reacts promptly and blocks it right away."
England 1st Inning,42.1,42,1,Mohammad Abbas,Dan Lawrence,3,3 runs,No,No,No,No,,"Dan Lawrence hangs in the crease and plays off an fast ball delivers at a good length by the bowler,  edged!! and the ball lands safely in the hands of the fielder at third man for 3 runs."
England 1st Inning,41.6,41,6,Razaullah,Harry Brook,2,2 runs,No,No,No,No,,"Razaullah delivers fast ball at full length,  Harry Brook hangs in the crease and plays the shot,  but the ball goes straight to the fielder at long on for 2 runs."
England 1st Inning,41.5,41,5,Razaullah,Harry Brook,4,Four,Yes,No,No,No,,"Four !! fast ball,  full length,  on the off stump,  Harry Brook hangs in the crease,  hits it to the third man,  goes couple of bounces into the fence for a boundary."
England 1st Inning,41.4,41,4,Razaullah,Dan Lawrence,1,1 run,No,No,No,No,,"fast ball,  good length,  on the off stump,  goes forward,  plays defensive shot,  towards the short mid wicket for 1 run."
England 1st Inning,41.3,41,3,Razaullah,Dan Lawrence,0,no run,No,No,No,No,,"Dot ball !! fast ball,  good length,  on the off stump,  Dan Lawrence hangs in the crease and dabs defensive shot,  but the fielder reacts promptly and blocks it right away."
England 1st Inning,41.2,41,2,Razaullah,Dan Lawrence,4,Four,Yes,No,No,No,,"Four !! fast ball,  back of length,  on the off stump. Dan Lawrence hangs in the crease and tries pull,  edged!! in the gap towards deep fine leg,  and ball finds the ropes in a flash for four."
England 1st Inning,41.1,41,1,Razaullah,Harry Brook,1,1 run,No,No,No,No,,"An accurately pitched fast ball on the stumps,  Harry Brook goes forward to make a confident defensive shot,  sending the ball towards mid on for 1 run."
England 1st Inning,40.6,40,6,Mohammad Abbas,Dan Lawrence,0,no run,No,No,No,No,,"Mohammad Abbas lands a good length delivery on off stump, and the batter defends it cleanly for no run."
England 1st Inning,40.5,40,5,Mohammad Abbas,Dan Lawrence,4,Four,Yes,No,No,No,,"Four !! fast ball,  good length,  on the stumps,  Dan Lawrence hangs in the crease,  plays defensive shot,  gets an edge!,  in the air to third man. Ball finds the ropes for four."
England 1st Inning,40.4,40,4,Mohammad Abbas,Dan Lawrence,4,Four,Yes,No,No,No,,"Four !! fast ball,  good length,  on the stumps,  Dan Lawrence hangs in the crease and caresses flick shot to deep square leg,  it raced away to the fence for four."
England 1st Inning,40.3,40,3,Mohammad Abbas,Dan Lawrence,0,no run,No,No,No,No,,"Dot ball !! fast ball,  good length,  on the off stump,  Dan Lawrence hangs in the crease to make a room for himself,  but left it alone for the keeper to collect at the last moment."
England 1st Inning,40.2,40,2,Mohammad Abbas,Dan Lawrence,0,no run,No,No,No,No,,"Dot ball !! fast ball,  good length,  on the stumps,  Dan Lawrence hangs in the crease,  tucks defensive shot toward the fielder at short mid wicket,  who halts the ball."
England 1st Inning,40.1,40,1,Mohammad Abbas,Harry Brook,1,1 run,No,No,No,No,,"Harry Brook hangs in the crease to take fast ball of good length aimed on the off stump,  executing a textbook defensive shot,  edged!! and the ball sails towards third man for 1 run."
England 1st Inning,39.6,39,6,Razaullah,Dan Lawrence,0,no run,No,No,Yes,No,,"Dot ball !! outswinger,  back of length,  on the off stump,  hangs in the crease,  but decided to leave the ball at last."
England 1st Inning,39.5,39,5,Razaullah,Dan Lawrence,4,Four,Yes,No,No,No,,"Four !! inswinger,  good length,  on the off stump. Dan Lawrence goes back,  hits flick shot in the gap towards deep mid wicket,  and ball finds the ropes in a flash for four."
England 1st Inning,39.4,39,4,Razaullah,Dan Lawrence,0,no run,No,No,No,No,,"Dot ball !! fast ball,  good length,  on the off stump,  Dan Lawrence hangs in the crease,  dabs defensive shot with soft hands toward point,  but the fielder is quick to react,  thwarts the ball."
England 1st Inning,39.3,39,3,Razaullah,Dan Lawrence,0,no run,No,No,No,No,,"Dot ball !! inswinger,  good length,  on the stumps,  Razaullah bowls a sharp delivery,  and Dan Lawrence hangs in the crease to defend the ball,  but the ball nips away and beats the bat,  leaving the batter stranded."
England 1st Inning,39.2,39,2,Razaullah,Dan Lawrence,0,no run,No,No,No,No,,"Dot ball !! fast ball,  good length,  on the off stump,  Dan Lawrence hangs in the crease,  tucks defensive shot toward the fielder at short cover,  who halts the ball."
England 1st Inning,39.1,39,1,Razaullah,Dan Lawrence,0,no run,No,No,No,No,,"Dot ball !! fast ball,  good length,  on the off stump,  hangs in the crease,  tries to play but misses to get the bat on it."
England 1st Inning,38.6,38,6,Mohammad Abbas,Harry Brook,0,no run,No,No,No,No,,"Dot ball !! fast ball,  good length,  on the stumps,  Harry Brook hangs in the crease,  tucks defensive shot toward the fielder at short mid wicket,  who halts the ball."
England 1st Inning,38.5,38,5,Mohammad Abbas,Harry Brook,0,no run,No,No,No,No,,"Dot ball !! fast ball,  full length,  on the stumps,  Harry Brook hangs in the crease to the delivery,  tries to defend it with full face of the bat,  but the ball jags away at the last moment,  beating the bat."
England 1st Inning,38.4,38,4,Mohammad Abbas,Harry Brook,0,no run,No,No,No,No,,"Dot ball !! fast ball,  full length,  on the off stump,  Harry Brook hangs in the crease to the delivery,  tries to defend it with full face of the bat,  but the ball jags away at the last moment,  beating the bat."
England 1st Inning,38.3,38,3,Mohammad Abbas,Harry Brook,2,2 runs,No,No,No,No,,"Harry Brook hangs in the crease and plays a well-timed flick shot off an fast ball delivers at a full length by the bowler,  but the ball lands safely in the hands of the fielder at deep mid wicket for 2 runs."
England 1st Inning,38.2,38,2,Mohammad Abbas,Harry Brook,0,no run,No,No,No,No,,"Dot ball !! fast ball,  good length,  on the off stump,  Harry Brook hangs in the crease to the delivery,  tries to defend it with full face of the bat,  but the ball jags away at the last moment,  beating the bat."
England 1st Inning,38.1,38,1,Mohammad Abbas,Harry Brook,0,no run,No,No,No,No,,"Dot ball !! fast ball, good length,  on the off stump,  Harry Brook hangs in the crease and tucks defensive shot toward the fielder,  who halts the ball."
England 1st Inning,37.6,37,6,Razaullah,Dan Lawrence,0,no run,No,No,No,No,,"Dot ball !! fast ball,  good length,  on the off stump,  Dan Lawrence goes forward and slash defensive shot towards short mid wicket,  but the fielder reacts promptly and blocks it right away."
England 1st Inning,37.5,37,5,Razaullah,Dan Lawrence,0,no run,No,No,Yes,No,,"Dot ball !! bouncer,  back of length,  on the stumps,  Razaullah sends down a delivery outside the stumps,  and Dan Lawrence goes forward and watches it closely,  deciding to let ball go to the keeper."
England 1st Inning,37.4,37,4,Razaullah,Dan Lawrence,0,no run,No,No,No,No,,"Dot ball !! fast ball,  full length,  on the off stump,  goes forward,  plays defensive shot to the short cover."
England 1st Inning,37.3,37,3,Razaullah,Harry Brook,1,1 run,No,No,No,No,,"Harry Brook goes back to take fast ball of back of length aimed on the stumps,  executing a confident pull that sent the ball sailing towards deep square leg for 1 run."
England 1st Inning,37.2,37,2,Razaullah,Dan Lawrence,3,3 runs,No,No,No,No,,"An accurately pitched fast ball on the stumps,  Dan Lawrence goes forward to make a confident flick shot,  sending the ball towards deep mid wicket for 3 runs."
England 1st Inning,37.1,37,1,Razaullah,Dan Lawrence,0,no run,No,No,No,No,,"Dot ball !! fast ball,  good length,  on the off stump,  Dan Lawrence goes forward,  tucks defensive shot toward the fielder at point,  who halts the ball."
England 1st Inning,36.6,36,6,Mohammad Abbas,Harry Brook,0,no run,No,No,No,No,,"Dot ball !! fast ball,  good length,  on the off stump,  goes forward,  plays defensive shot to the short mid wicket."
England 1st Inning,36.6,36,6,Mohammad Abbas,Harry Brook,0,1 no ball,No,No,No,Yes,no_ball,"No Ball !! fast ball,  good length,  on the off stump,  and Harry Brook hangs on and tries to hit ,  but misses it completely as ball beats the bat and goes to the keeper. Umpire signals it a no ball."
England 1st Inning,36.5,36,5,Mohammad Abbas,Harry Brook,0,no run,No,No,No,No,,"Dot ball !! fast ball,  good length,  on the off stump,  Mohammad Abbas sends down a sharp delivery,  Harry Brook goes forward to defend it,  but mistimes the shot,  beats the bat,  leaving the batter confused."
England 1st Inning,36.4,36,4,Mohammad Abbas,Harry Brook,0,no run,No,No,No,No,,"Dot Ball !! fast ball,  good length,  on the off stump,  and Harry Brook hangs on and tries to hit defensive shot,  but misses it completely as ball beats the bat,  goes to the keeper."
England 1st Inning,36.3,36,3,Mohammad Abbas,Harry Brook,0,no run,No,No,No,No,,"Dot ball !! fast ball,  good length,  on the off stump,  Harry Brook goes forward,  dabs defensive shot with soft hands toward short mid wicket,  but the fielder is quick to react,  thwarts the ball."
England 1st Inning,36.2,36,2,Mohammad Abbas,Harry Brook,0,no run,No,No,No,No,,"Dot ball !! inswinger,  good length,  on the off stump,  Harry Brook goes forward and dabs defensive shot with soft hands,  edged!! and the fielder is quick to react and thwarts the ball."
England 1st Inning,36.1,36,1,Mohammad Abbas,Harry Brook,0,no run,No,No,No,No,,"Dot ball !! fast ball,  good length,  on the stumps,  Harry Brook goes forward and slash defensive shot towards slip,  but the fielder reacts promptly and blocks it right away."
England 1st Inning,35.6,35,6,Razaullah,Dan Lawrence,0,no run,No,No,No,No,,"Dot ball !! fast ball,  good length,  on the off stump,  Dan Lawrence goes forward,  tucks defensive shot toward the fielder at short cover,  who halts the ball."
England 1st Inning,35.5,35,5,Razaullah,Dan Lawrence,0,no run,No,No,Yes,No,,"Dot Ball !! outswinger,  good length,  on the stumps,  and Dan Lawrence hangs on and tries to hit defensive shot,  but misses it completely as ball beats the bat,  goes to the keeper."
England 1st Inning,35.4,35,4,Razaullah,Dan Lawrence,0,no run,No,No,No,No,,"Dot ball !! fast ball,  full length,  on the leg stump,  Razaullah sends down a sharp delivery,  Dan Lawrence hangs in the crease to defend it,  but mistimes the shot,  beats the bat,  leaving the batter confused."
England 1st Inning,35.3,35,3,Razaullah,Harry Brook,1,1 run,No,No,No,No,,"Harry Brook goes forward to take fast ball of full length aimed on the stumps,  executing a textbook ,  edged!! and the ball sails towards deep point for 1 run."
England 1st Inning,35.2,35,2,Razaullah,Harry Brook,0,no run,No,No,Yes,No,,"Dot Ball !! outswinger,  good length,  on the off stump,  and Harry Brook hangs on and tries to hit cut,  but misses it completely as ball beats the bat,  goes to the keeper."
England 1st Inning,35.1,35,1,Razaullah,Harry Brook,0,no run,No,No,No,No,,"Dot ball !! inswinger,  good length,  on the stumps,  Harry Brook hangs in the crease to the delivery,  tries to defend it with full face of the bat,  but the ball jags away at the last moment,  beating the bat."
England 1st Inning,34.6,34,6,Mohammad Abbas,Harry Brook,1,1 run,No,No,No,No,,"Harry Brook goes forward to take fast ball of good length aimed on the off stump,  executing a confident defensive shot that sent the ball sailing towards short cover for 1 run."
England 1st Inning,34.5,34,5,Mohammad Abbas,Harry Brook,0,no run,No,No,No,No,,"Dot Ball !! fast ball,  good length,  on the off stump,  and Harry Brook hangs on and tries to hit defensive shot,  but misses it completely as ball beats the bat,  goes to the keeper."
England 1st Inning,34.4,34,4,Mohammad Abbas,Harry Brook,0,no run,No,No,No,No,,Mohammad Abbas lands this on a good length around leg stump. The batter turns it away safely for no run.
England 1st Inning,34.3,34,3,Mohammad Abbas,Harry Brook,0,no run,No,No,No,No,,"Dot ball !! fast ball,  good length,  on the stumps,  goes forward,  plays defensive shot."
England 1st Inning,34.2,34,2,Mohammad Abbas,Harry Brook,2,2 runs,No,No,No,No,,"Harry Brook goes back and plays a well-timed flick shot off an fast ball delivers at a back of length by the bowler,  but the ball lands safely in the hands of the fielder at deep fine leg for 2 runs."
England 1st Inning,34.1,34,1,Mohammad Abbas,Dan Lawrence,1,1 run,No,No,No,No,,"An accurately pitched fast ball on the stumps,  Dan Lawrence goes forward to make a confident defensive shot,  sending the ball towards short mid wicket for 1 run."
England 1st Inning,33.6,33,6,Razaullah,Harry Brook,0,no run,No,No,Yes,No,,"Dot ball !! outswinger,  good length,  on the off stump,  Razaullah sends down a delivery outside the off stump,  and Harry Brook hangs in the crease and watches it closely,  deciding to let ball go to the keeper."
England 1st Inning,33.5,33,5,Razaullah,Dan Lawrence,1,1 run,No,No,No,No,,"An accurately pitched fast ball on the leg stump,  Dan Lawrence goes forward to make a confident push,  sending the ball towards short cover for 1 run."
England 1st Inning,33.3,33,3,Razaullah,Emilio Gay,0,no run,No,No,No,No,,"Dot ball !! inswinger,  good length,  on the off stump,  Razaullah sends down a sharp delivery,  Emilio Gay goes forward to defend it,  but mistimes the shot,  beats the bat,  leaving the batter confused."
England 1st Inning,33.2,33,2,Razaullah,Emilio Gay,0,no run,No,No,No,No,,"Dot ball !! fast ball,  good length,  on the leg stump,  Razaullah sends down a sharp delivery,  Emilio Gay hangs in the crease to defend it,  but mistimes the shot,  beats the bat,  leaving the batter confused."
England 1st Inning,33.1,33,1,Razaullah,Emilio Gay,4,Four,Yes,No,No,No,,"Four !! fast ball,  full length,  on the leg stump. Emilio Gay goes forward,  hits flick shot in the gap towards deep square leg,  and ball finds the ropes in a flash for four."
England 1st Inning,32.6,32,6,Mohammad Abbas,Harry Brook,0,no run,No,No,No,No,,"Dot ball !! fast ball,  full length,  on the off stump,  goes forward,  plays defensive shot to the short cover."
England 1st Inning,32.5,32,5,Mohammad Abbas,Harry Brook,0,no run,No,No,No,No,,"Dot ball !! fast ball,  full length,  on the stumps,  Harry Brook goes forward and slash defensive shot towards mid off,  but the fielder reacts promptly and blocks it right away."
England 1st Inning,32.4,32,4,Mohammad Abbas,Harry Brook,2,2 runs,No,No,No,No,,"Harry Brook goes forward to take fast ball of good length aimed on the stumps,  executing a confident flick shot that sent the ball sailing towards deep fine leg for 2 runs."
England 1st Inning,32.3,32,3,Mohammad Abbas,Emilio Gay,3,3 runs,No,No,No,No,,"Emilio Gay goes forward and plays a well-timed flick shot off an fast ball delivers at a full length by the bowler,  but the ball lands safely in the hands of the fielder at deep mid wicket for 3 runs."
England 1st Inning,32.2,32,2,Mohammad Abbas,Emilio Gay,0,no run,No,No,No,No,,"Dot ball !! fast ball,  good length,  on the stumps,  Emilio Gay goes forward,  tucks defensive shot toward the fielder at short cover,  who halts the ball."
England 1st Inning,32.1,32,1,Mohammad Abbas,Emilio Gay,0,no run,No,No,Yes,No,,"Dot ball !! fast ball,  good length,  on the off stump,  Emilio Gay hangs in the crease to the delivery,  letting it go to the keeper without offering a shot."
England 1st Inning,31.6,31,6,Razaullah,Emilio Gay,1,1 run,No,No,No,No,,"Emilio Gay goes back and plays a well-timed pull off an fast ball delivers at a back of length by the bowler,  but the ball lands safely in the hands of the fielder at short mid wicket for 1 run."
England 1st Inning,31.5,31,5,Razaullah,Emilio Gay,0,no run,No,No,No,No,,"Dot ball !! fast ball,  back of length,  on the stumps,  goes forward,  plays defensive shot to the short cover."
England 1st Inning,31.4,31,4,Razaullah,Harry Brook,1,1 run,No,No,No,No,,"Harry Brook hangs in the crease to take fast ball of yorker aimed on the off stump,  executing a confident cut that sent the ball sailing towards deep point for 1 run."
England 1st Inning,31.3,31,3,Razaullah,Harry Brook,0,no run,No,No,Yes,No,,"Dot ball !! outswinger,  good length,  on the off stump,  Razaullah sends down a sharp delivery,  Harry Brook hangs in the crease to defend it,  but mistimes the shot,  beats the bat,  leaving the batter confused."
England 1st Inning,31.2,31,2,Razaullah,Harry Brook,2,2 runs,No,No,No,No,,"Harry Brook goes back and plays a well-timed defensive shot off an fast ball delivers at a back of length by the bowler,  but the ball lands safely in the hands of the fielder at deep mid wicket for 2 runs."
England 1st Inning,31.1,31,1,Razaullah,Emilio Gay,0,1 leg bye,No,No,No,Yes,leg_bye,"Leg Bye !! inswinger,  good length,  on the stumps,  Emilio Gay goes forward,  swats it,  but the ball slides off the body,  batter is quick to avail this leg bye for 1 run."
England 1st Inning,30.6,30,6,Mohammad Abbas,Emilio Gay,1,1 run,No,No,No,No,,"fast ball,  good length,  on the stumps,  goes forward,  plays flick shot,  towards the deep mid wicket for 1 run."
England 1st Inning,30.5,30,5,Mohammad Abbas,Emilio Gay,0,no run,No,No,Yes,No,,"Dot ball !! outswinger,  good length,  on the off stump,  hangs in the crease,  but decided to leave the ball at last."
England 1st Inning,30.4,30,4,Mohammad Abbas,Emilio Gay,0,no run,No,No,Yes,No,,"Dot ball !! outswinger,  good length,  on the off stump,  Mohammad Abbas sends down a delivery outside the off stump,  and Emilio Gay goes forward and watches it closely,  deciding to let ball go to the keeper."
England 1st Inning,30.3,30,3,Mohammad Abbas,Emilio Gay,0,no run,No,No,No,No,,"Dot ball !! fast ball,  good length,  on the stumps,  goes forward,  plays defensive shot to the short cover."
England 1st Inning,30.2,30,2,Mohammad Abbas,Emilio Gay,0,no run,No,No,No,No,,"Dot Ball !! fast ball,  good length,  on the off stump,  and Emilio Gay hangs on and tries to hit defensive shot,  but misses it completely as ball beats the bat,  goes to the keeper."
England 1st Inning,30.1,30,1,Mohammad Abbas,Emilio Gay,0,no run,No,No,No,No,,"Dot ball !! fast ball,  full length,  on the off stump,  goes forward,  plays defensive shot."
England 1st Inning,29.6,29,6,Mohammad Ali,Emilio Gay,1,1 run,No,No,No,No,,"Mohammad Ali delivers fast ball at back of length,  Emilio Gay goes back and tucks it. But the ball is stopped by the fielder standing at the deep point,  limits Emilio Gay to just 1 run."
England 1st Inning,29.5,29,5,Mohammad Ali,Emilio Gay,0,no run,No,No,No,No,,"Dot ball !! fast ball,  back of length,  on the stumps,  hangs in the crease,  plays defensive shot to the mid on."
England 1st Inning,29.4,29,4,Mohammad Ali,Emilio Gay,0,no run,No,No,Yes,No,,"Dot ball !! fast ball,  good length,  on the off stump,  Emilio Gay goes forward to the delivery,  letting it go to the keeper without offering a shot."
England 1st Inning,29.3,29,3,Mohammad Ali,Emilio Gay,4,Four,Yes,No,No,No,,"Four !! fast ball,  back of length,  on the off stump. Emilio Gay hangs in the crease,  hits cut in the gap towards deep cover,  and ball finds the ropes in a flash for four. Misfielding has cost them runs"
England 1st Inning,29.3,29,3,Mohammad Ali,Emilio Gay,0,5 no ball,Yes,No,No,Yes,no_ball,"Four !! fast ball,  back of length,  on the off stump. Emilio Gay goes back,  whacked cut in the gap towards third man,  ball finds the ropes in a flash for four. Umpire signals it a no ball !"
England 1st Inning,29.2,29,2,Mohammad Ali,Emilio Gay,0,no run,No,No,Yes,No,,"Dot ball !! fast ball,  good length,  on the off stump,  Mohammad Ali sends down a delivery outside the off stump,  and Emilio Gay goes forward and watches it closely,  deciding to let ball go to the keeper."
England 1st Inning,29.1,29,1,Mohammad Ali,Emilio Gay,2,2 runs,No,No,No,No,,"Emilio Gay goes back and plays a well-timed pull off an fast ball delivers at a back of length by the bowler,  but the ball lands safely in the hands of the fielder at deep mid wicket for 2 runs."
England 1st Inning,28.6,28,6,Mohammad Imran Randhawa,Harry Brook,0,no run,No,No,Yes,No,,"Dot ball !! fast ball,  good length,  on the off stump,  Mohammad Imran Randhawa sends down a delivery outside the off stump,  and Harry Brook goes forward and watches it closely,  deciding to let ball go to the keeper."
England 1st Inning,28.5,28,5,Mohammad Imran Randhawa,Harry Brook,0,2 bye,No,No,No,Yes,bye,"Bye !! inswinger,  good length,  on the leg stump,  Harry Brook goes forward,  aims to slam flick shot,  but misses the shot and keeper fumbles and batter steals bye for 2 runs."
England 1st Inning,28.4,28,4,Mohammad Imran Randhawa,Emilio Gay,1,1 run,No,No,No,No,,"Emilio Gay goes forward to take fast ball of good length aimed on the off stump,  executing a confident defensive shot that sent the ball sailing towards point for 1 run."
England 1st Inning,28.3,28,3,Mohammad Imran Randhawa,Emilio Gay,0,no run,No,No,Yes,No,,"Dot ball !! fast ball,  good length,  on the off stump,  Emilio Gay hangs in the crease to the delivery,  letting it go to the keeper without offering a shot."
England 1st Inning,28.2,28,2,Mohammad Imran Randhawa,Harry Brook,1,1 run,No,No,No,No,,"Harry Brook goes forward and plays a well-timed flick shot off an fast ball delivers at a full length by the bowler,  but the ball lands safely in the hands of the fielder at deep square leg for 1 run."
England 1st Inning,28.1,28,1,Mohammad Imran Randhawa,Harry Brook,0,no run,No,No,No,No,,"Dot ball !! fast ball,  full length,  on the stumps,  Harry Brook goes back,  tucks it toward the fielder at square leg,  who blocks the ball right away."
England 1st Inning,27.6,27,6,Mohammad Ali,Emilio Gay,0,no run,No,No,No,No,,"Dot ball !! fast ball,  good length,  on the off stump,  Emilio Gay goes back,  dabs punch with soft hands toward short cover,  but the fielder is quick to react,  thwarts the ball."
England 1st Inning,27.5,27,5,Mohammad Ali,Emilio Gay,0,no run,No,No,No,No,,"Dot ball !! fast ball,  good length,  on the off stump,  goes forward,  plays defensive shot."
England 1st Inning,27.4,27,4,Mohammad Ali,Emilio Gay,0,no run,No,No,No,No,,"Dot ball !! fast ball,  good length,  on the off stump,  hangs in the crease,  tries to play but misses to get the bat on it."
England 1st Inning,27.3,27,3,Mohammad Ali,Emilio Gay,0,no run,No,No,No,No,,"Dot ball !! fast ball,  good length,  on the off stump,  goes forward,  plays defensive shot to the short cover."
England 1st Inning,27.2,27,2,Mohammad Ali,Emilio Gay,0,no run,No,No,No,No,,"Dot ball !! fast ball,  good length,  on the off stump,  Emilio Gay goes forward,  dabs defensive shot with soft hands toward short cover,  but the fielder is quick to react,  thwarts the ball."
England 1st Inning,27.1,27,1,Mohammad Ali,Harry Brook,1,1 run,No,No,No,No,,"Harry Brook goes forward to take fast ball of good length aimed on the leg stump,  executing a confident flick shot that sent the ball sailing towards deep square leg for 1 run."
England 1st Inning,26.6,26,6,Mohammad Imran Randhawa,Emilio Gay,0,no run,No,No,Yes,No,,"Dot ball !! fast ball,  good length,  on the off stump,  Mohammad Imran Randhawa sends down a delivery outside the off stump,  and Emilio Gay goes forward and watches it closely,  deciding to let ball go to the keeper."
England 1st Inning,26.5,26,5,Mohammad Imran Randhawa,Emilio Gay,0,no run,No,No,No,No,,"Dot Ball !! fast ball,  good length,  on the off stump,  and Emilio Gay hangs on and tries to hit defensive shot,  but misses it completely as ball beats the bat,  goes to the keeper."
England 1st Inning,26.5,26,5,Mohammad Imran Randhawa,Harry Brook,0,2 no ball,No,No,No,Yes,no_ball,"No ball !! fast ball,  full length,  on the stumps,  Harry Brook goes forward,  displays his finesse with a beautifully timed flick shot,  ball rolls towards deep square leg,  umpire signals a no ball,  as Mohammad Imran Randhawa had overstepped."
England 1st Inning,26.4,26,4,Mohammad Imran Randhawa,Harry Brook,0,no run,No,No,No,No,,"Dot ball !! fast ball,  good length,  on the stumps,  Harry Brook goes forward and slash defensive shot towards short mid wicket,  but the fielder reacts promptly and blocks it right away."
England 1st Inning,26.3,26,3,Mohammad Imran Randhawa,Harry Brook,0,2 bye,No,No,No,Yes,bye,"Bye !! fast ball,  good length,  on the leg stump,  Harry Brook hangs in the crease,  tries to swat it,  but the ball sails past the batter,  eluding the keeper,  batter sneaks 2 runs off bye."
England 1st Inning,26.2,26,2,Mohammad Imran Randhawa,Harry Brook,0,no run,No,No,Yes,No,,"Dot ball !! fast ball,  good length,  on the off stump,  Mohammad Imran Randhawa sends down a delivery outside the off stump,  and Harry Brook goes forward and watches it closely,  deciding to let ball go to the keeper."
England 1st Inning,26.1,26,1,Mohammad Imran Randhawa,Harry Brook,0,no run,No,No,No,No,,"Dot ball !! fast ball,  good length,  on the off stump,  goes forward,  plays defensive shot to the short mid wicket."
England 1st Inning,25.6,25,6,Mohammad Ali,Emilio Gay,0,no run,No,No,No,No,,"Dot ball !! fast ball,  good length,  on the off stump,  goes forward,  plays defensive shot to the short mid wicket."
England 1st Inning,25.5,25,5,Mohammad Ali,Emilio Gay,0,no run,No,No,Yes,No,,"Dot ball !! fast ball,  good length,  on the off stump,  Mohammad Ali sends down a delivery outside the off stump,  and Emilio Gay hangs in the crease and watches it closely,  deciding to let ball go to the keeper."
England 1st Inning,25.4,25,4,Mohammad Ali,Emilio Gay,0,no run,No,No,No,No,,"Dot ball !! fast ball,  good length,  on the off stump,  Emilio Gay goes back,  tucks defensive shot toward the fielder at short cover,  who halts the ball."
England 1st Inning,25.3,25,3,Mohammad Ali,Emilio Gay,0,no run,No,No,No,No,,"Dot ball !! fast ball,  full length,  on the off stump,  Emilio Gay goes forward and slash drive towards short cover,  but the fielder reacts promptly and blocks it right away."
England 1st Inning,25.2,25,2,Mohammad Ali,Emilio Gay,2,2 runs,No,No,No,No,,"Emilio Gay goes forward and plays a well-timed flick shot off an fast ball delivers at a good length by the bowler,  but the ball lands safely in the hands of the fielder at deep square leg for 2 runs."
England 1st Inning,25.1,25,1,Mohammad Ali,Harry Brook,1,1 run,No,No,No,No,,"An accurately pitched fast ball on the off stump,  Harry Brook goes forward to make a confident cut,  sending the ball towards deep point for 1 run."
England 1st Inning,24.6,24,6,Mohammad Imran Randhawa,Emilio Gay,0,no run,No,No,Yes,No,,"Dot ball !! fast ball,  good length,  on the off stump,  Mohammad Imran Randhawa sends down a delivery outside the off stump,  and Emilio Gay hangs in the crease and watches it closely,  deciding to let ball go to the keeper."
England 1st Inning,24.5,24,5,Mohammad Imran Randhawa,Emilio Gay,0,no run,No,No,Yes,No,,"Dot ball !! fast ball,  good length,  on the off stump,  Emilio Gay goes forward to the delivery,  letting it go to the keeper without offering a shot."
England 1st Inning,24.4,24,4,Mohammad Imran Randhawa,Emilio Gay,0,no run,No,No,No,No,,"Dot ball !! fast ball,  good length,  on the off stump,  goes forward,  plays defensive shot to the point."
England 1st Inning,24.3,24,3,Mohammad Imran Randhawa,Emilio Gay,4,Four,Yes,No,No,No,,"Four !! fast ball,  full length,  on the stumps. Emilio Gay goes forward,  hits flick shot in the gap towards deep mid wicket,  and ball finds the ropes in a flash for four."
England 1st Inning,24.2,24,2,Mohammad Imran Randhawa,Harry Brook,1,1 run,No,No,No,No,,"Harry Brook goes forward to take fast ball of good length aimed on the off stump,  executing a confident flick shot that sent the ball sailing towards deep square leg for 1 run."
England 1st Inning,24.2,24,2,Mohammad Imran Randhawa,Emilio Gay,0,2 no ball,No,No,No,Yes,no_ball,"No ball !! fast ball,  back of length,  on the off stump,  Emilio Gay goes back,  slams the ball towards short cover,  umpire calls a no ball as Mohammad Imran Randhawa overstepped the crease."
England 1st Inning,24.1,24,1,Mohammad Imran Randhawa,Emilio Gay,0,no run,No,No,No,No,,"Dot ball !! fast ball,  good length,  on the off stump,  Emilio Gay goes back,  tucks defensive shot toward the fielder at short cover,  who halts the ball."
England 1st Inning,23.6,23,6,Mohammad Ali,Harry Brook,0,no run,No,No,No,No,,"Dot ball !! fast ball, good length,  on the off stump,  Harry Brook goes forward and tucks defensive shot toward the fielder,  who halts the ball."
England 1st Inning,23.5,23,5,Mohammad Ali,Emilio Gay,1,1 run,No,No,No,No,,"An accurately pitched fast ball on the off stump,  Emilio Gay goes forward to make a confident push,  sending the ball towards short cover for 1 run."
England 1st Inning,23.4,23,4,Mohammad Ali,Emilio Gay,0,no run,No,No,No,No,,"Dot ball !! fast ball,  good length,  on the stumps,  Emilio Gay goes forward,  tucks defensive shot toward the fielder at short cover,  who halts the ball."
England 1st Inning,23.3,23,3,Mohammad Ali,Emilio Gay,0,no run,No,No,Yes,No,,"Dot ball !! outswinger,  good length,  on the stumps,  Mohammad Ali sends down a delivery outside the stumps,  and Emilio Gay hangs in the crease and watches it closely,  deciding to let ball go to the keeper."
England 1st Inning,23.2,23,2,Mohammad Ali,Harry Brook,1,1 run,No,No,No,No,,"An accurately pitched fast ball on the off stump,  Harry Brook goes forward to make a confident defensive shot,  sending the ball towards square leg for 1 run."
England 1st Inning,23.1,23,1,Mohammad Ali,Harry Brook,0,no run,No,No,No,No,,"Dot ball !! fast ball,  good length,  on the stumps,  goes forward,  plays defensive shot to the short mid wicket."
England 1st Inning,22.6,22,6,Mohammad Imran Randhawa,Emilio Gay,0,no run,No,No,No,No,,"Dot ball !! fast ball,  good length,  on the off stump,  Emilio Gay goes forward,  tucks defensive shot toward the fielder at point,  who halts the ball."
England 1st Inning,22.5,22,5,Mohammad Imran Randhawa,Emilio Gay,4,Four,Yes,No,No,No,,"Four !! fast ball,  good length,  on the off stump,  Emilio Gay goes forward,  plays drive in the air to deep cover. Ball finds the ropes for four."
England 1st Inning,22.4,22,4,Mohammad Imran Randhawa,Emilio Gay,0,no run,No,No,Yes,No,,"Dot ball !! fast ball,  good length,  on the off stump,  Mohammad Imran Randhawa sends down a delivery outside the off stump,  and Emilio Gay goes forward and watches it closely,  deciding to let ball go to the keeper."
England 1st Inning,22.3,22,3,Mohammad Imran Randhawa,Emilio Gay,0,no run,No,No,No,No,,"Dot ball !! fast ball,  good length,  on the off stump,  Emilio Gay goes forward,  dabs defensive shot with soft hands toward point,  but the fielder is quick to react,  thwarts the ball."
England 1st Inning,22.2,22,2,Mohammad Imran Randhawa,Emilio Gay,0,no run,No,No,No,No,,"Dot ball !! fast ball,  good length,  on the off stump,  Emilio Gay goes back,  dabs cut with soft hands toward point,  but the fielder is quick to react,  thwarts the ball."
England 1st Inning,22.1,22,1,Mohammad Imran Randhawa,Emilio Gay,0,no run,No,No,Yes,No,,"Dot ball !! fast ball,  good length,  on the off stump,  Mohammad Imran Randhawa sends down a delivery outside the off stump,  and Emilio Gay hangs in the crease and watches it closely,  deciding to let ball go to the keeper."
England 1st Inning,21.6,21,6,Mohammad Ali,Harry Brook,0,no run,No,No,No,No,,"Dot ball !! fast ball,  good length,  on the off stump,  Harry Brook hangs in the crease and slash cut towards slip,  but the fielder reacts promptly and blocks it right away."
England 1st Inning,21.5,21,5,Mohammad Ali,Harry Brook,4,Four,Yes,No,No,No,,"Four !! inswinger,  full length,  on the stumps. Harry Brook hangs in the crease,  hits flick shot in the gap towards deep fine leg,  and ball finds the ropes in a flash for four."
England 1st Inning,21.4,21,4,Mohammad Ali,Harry Brook,4,Four,Yes,No,No,No,,"Four !! fast ball,  good length,  on the off stump. Harry Brook goes forward,  hits drive in the gap towards deep point,  and ball finds the ropes in a flash for four."
England 1st Inning,21.3,21,3,Mohammad Ali,Harry Brook,0,no run,No,No,No,No,,"Dot ball !! fast ball,  good length,  on the off stump,  Harry Brook goes forward and slash flick shot towards short mid wicket,  but the fielder reacts promptly and blocks it right away."
England 1st Inning,21.2,21,2,Mohammad Ali,Harry Brook,0,no run,No,No,No,No,,"Dot ball !! fast ball,  good length,  on the off stump,  Harry Brook goes forward,  tucks defensive shot toward the fielder at short cover,  who halts the ball."
England 1st Inning,21.1,21,1,Mohammad Ali,Harry Brook,0,no run,No,No,No,No,,"Dot Ball !! inswinger,  back of length,  on the stumps,  and Harry Brook hangs on and tries to hit flick shot,  but misses it completely as ball beats the bat,  goes to the keeper."
England 1st Inning,20.6,20,6,Mohammad Imran Randhawa,Emilio Gay,0,no run,No,No,No,No,,"Dot ball !! fast ball,  back of length,  on the off stump,  goes back,  plays cut to the point."
England 1st Inning,20.5,20,5,Mohammad Imran Randhawa,Emilio Gay,0,no run,No,No,No,No,,"Dot ball !! fast ball,  good length,  on the off stump,  Emilio Gay goes back,  tucks cut toward the fielder at point,  who halts the ball."
England 1st Inning,20.4,20,4,Mohammad Imran Randhawa,Emilio Gay,0,no run,No,No,No,No,,"Dot ball !! fast ball,  good length,  on the off stump,  goes back,  plays cut to the point."
England 1st Inning,20.3,20,3,Mohammad Imran Randhawa,Emilio Gay,0,no run,No,No,No,No,,"Dot ball !! fast ball,  full length,  on the stumps,  goes forward,  plays defensive shot."
England 1st Inning,20.2,20,2,Mohammad Imran Randhawa,Harry Brook,0,1 bye,No,No,No,Yes,bye,"Bye !! inswinger,  good length,  on the stumps,  Harry Brook goes forward,  aims to play it,  but the ball evades the batter and keeper,  they are quick to steal 1 runs off bye."
England 1st Inning,20.1,20,1,Mohammad Imran Randhawa,Harry Brook,0,no run,No,No,No,No,,"Dot ball !! fast ball,  good length,  on the off stump,  hangs in the crease,  plays pull to the mid off."
England 1st Inning,19.6,19,6,Razaullah,Emilio Gay,0,no run,No,No,No,No,,"Dot Ball !! fast ball,  good length,  on the stumps,  and Emilio Gay hangs on and tries to hit defensive shot,  but misses it completely as ball beats the bat,  goes to the keeper."
England 1st Inning,19.5,19,5,Razaullah,Emilio Gay,0,no run,No,No,No,No,,"Dot ball !! fast ball,  good length,  on the leg stump,  goes forward,  plays defensive shot to the mid off."
England 1st Inning,19.4,19,4,Razaullah,Emilio Gay,0,no run,No,No,Yes,No,,"Dot Ball !! outswinger,  good length,  on the stumps,  and Emilio Gay hangs on and tries to hit drive,  but misses it completely as ball beats the bat,  goes to the keeper."
England 1st Inning,19.3,19,3,Razaullah,Emilio Gay,0,no run,No,No,No,No,,"Dot ball !! fast ball,  full length,  on the stumps,  Emilio Gay goes forward,  tucks defensive shot toward the fielder at point,  who halts the ball."
England 1st Inning,19.2,19,2,Razaullah,Emilio Gay,4,Four,Yes,No,No,No,,"Four !! fast ball,  full length,  on the off stump. Emilio Gay goes forward,  hits drive in the gap towards deep cover,  and ball finds the ropes in a flash for four."
England 1st Inning,19.1,19,1,Razaullah,Harry Brook,1,1 run,No,No,No,No,,"An accurately pitched fast ball on the off stump,  Harry Brook goes back to make a confident flick shot,  sending the ball towards deep square leg for 1 run."
England 1st Inning,18.6,18,6,Mohammad Imran Randhawa,Emilio Gay,0,no run,No,No,No,No,,"Dot ball !! fast ball,  good length,  on the off stump,  goes forward,  plays defensive shot to the point."
England 1st Inning,18.5,18,5,Mohammad Imran Randhawa,Emilio Gay,0,no run,No,No,No,No,,"Dot ball !! fast ball,  good length,  on the off stump,  Emilio Gay goes forward and slash defensive shot towards point,  but the fielder reacts promptly and blocks it right away."
England 1st Inning,18.4,18,4,Mohammad Imran Randhawa,Emilio Gay,0,no run,No,No,No,No,,"Dot ball !! fast ball,  good length,  on the off stump,  goes forward,  plays defensive shot to the short cover."
England 1st Inning,18.3,18,3,Mohammad Imran Randhawa,Harry Brook,3,3 runs,No,No,No,No,,"Harry Brook goes back and plays a well-timed cut off an fast ball delivers at a good length by the bowler,  but the ball lands safely in the hands of the fielder at third man for 3 runs."
England 1st Inning,18.2,18,2,Mohammad Imran Randhawa,Harry Brook,0,no run,No,No,No,No,,"Dot ball !! fast ball,  back of length,  on the off stump,  Harry Brook goes forward and slash defensive shot towards short mid wicket,  but the fielder reacts promptly and blocks it right away."
England 1st Inning,18.1,18,1,Mohammad Imran Randhawa,Harry Brook,0,no run,No,No,No,No,,"Dot ball !! fast ball,  good length,  on the off stump,  goes forward,  plays defensive shot."
England 1st Inning,17.6,17,6,Razaullah,Emilio Gay,4,Four,Yes,No,No,No,,"Four !! fast ball,  full length,  on the off stump. Emilio Gay goes back,  hits cut in the gap towards deep point,  and ball finds the ropes in a flash for four."
England 1st Inning,17.5,17,5,Razaullah,Harry Brook,3,3 runs,No,No,No,No,,"Harry Brook goes forward to take fast ball of good length aimed on the off stump,  executing a confident drive that sent the ball sailing towards deep cover for 3 runs."
England 1st Inning,17.4,17,4,Razaullah,Harry Brook,4,Four,Yes,No,No,No,,"Four !! fast ball,  back of length,  on the off stump. Harry Brook goes back,  hits pull in the gap towards deep mid wicket,  and ball finds the ropes in a flash for four."
England 1st Inning,17.3,17,3,Razaullah,Harry Brook,0,no run,No,No,No,No,,"Dot ball !! fast ball,  yorker,  on the off stump,  Harry Brook goes forward and dabs defensive shot with soft hands,  but the fielder is quick to react and thwarts the ball."
England 1st Inning,17.2,17,2,Razaullah,Harry Brook,4,Four,Yes,No,No,No,,"Four !! fast ball,  good length,  on the stumps. Harry Brook goes forward,  hits flick shot in the gap towards deep mid wicket,  and ball finds the ropes in a flash for four."
England 1st Inning,17.1,17,1,Razaullah,Harry Brook,0,no run,No,No,No,No,,"Dot ball !! fast ball,  good length,  on the stumps,  goes forward,  plays defensive shot to the short cover."
England 1st Inning,16.6,16,6,Mohammad Abbas,Emilio Gay,0,no run,No,No,No,No,,"Dot ball !! fast ball,  good length,  on the stumps,  goes forward,  plays defensive shot to the short cover."
England 1st Inning,16.5,16,5,Mohammad Abbas,Emilio Gay,4,Four,Yes,No,No,No,,"Four !! fast ball,  good length,  on the stumps. Emilio Gay goes back,  hits cut in the gap towards deep point,  and ball finds the ropes in a flash for four."
England 1st Inning,16.4,16,4,Mohammad Abbas,Harry Brook,1,1 run,No,No,No,No,,"Harry Brook goes back to take fast ball of good length aimed on the off stump,  executing a confident flick shot that sent the ball sailing towards deep square leg for 1 run."
England 1st Inning,16.3,16,3,Mohammad Abbas,Harry Brook,0,no run,No,No,No,No,,"Dot ball !! fast ball,  full length,  on the off stump,  goes forward,  plays defensive shot to the short mid wicket."
England 1st Inning,16.2,16,2,Mohammad Abbas,Harry Brook,2,2 runs,No,No,No,No,,"Harry Brook hangs in the crease to take fast ball of good length aimed on the stumps,  executing a confident flick shot that sent the ball sailing towards deep square leg for 2 runs."
England 1st Inning,16.1,16,1,Mohammad Abbas,Harry Brook,0,no run,No,No,No,No,,"Dot ball !! fast ball,  good length,  on the off stump,  Harry Brook hangs in the crease,  tucks defensive shot toward the fielder at slip,  who halts the ball."
England 1st Inning,15.6,15,6,Razaullah,Emilio Gay,0,no run,No,No,No,No,,"Dot ball !! fast ball,  good length,  on the stumps,  Emilio Gay goes back,  tucks cut toward the fielder at point,  who halts the ball."
England 1st Inning,15.5,15,5,Razaullah,Emilio Gay,0,no run,No,No,No,No,,"Dot ball !! fast ball,  back of length,  on the stumps,  Emilio Gay goes back,  tucks defensive shot toward the fielder at short cover,  who halts the ball."
England 1st Inning,15.4,15,4,Razaullah,Emilio Gay,0,no run,No,No,Yes,No,,"Dot ball !! bouncer,  back of length,  on the stumps,  Razaullah sends down a delivery outside the stumps,  and Emilio Gay hangs in the crease and watches it closely,  deciding to let ball go to the keeper."
England 1st Inning,15.3,15,3,Razaullah,Harry Brook,1,1 run,No,No,No,No,,"Harry Brook goes back and plays a well-timed defensive shot off an fast ball delivers at a back of length by the bowler,  but the ball lands safely in the hands of the fielder at short mid wicket for 1 run."
England 1st Inning,15.2,15,2,Razaullah,Emilio Gay,3,3 runs,No,No,Yes,No,,"An accurately pitched outswinger on the off stump,  Emilio Gay goes back to make a confident cut,  sending the ball towards point for 3 runs. Overthrow and garnered a double run"
England 1st Inning,15.1,15,1,Razaullah,Harry Brook,1,1 run,No,No,No,No,,"Harry Brook goes forward and plays a well-timed drive off an fast ball delivers at a good length by the bowler,  but the ball lands safely in the hands of the fielder at mid on for 1 run."
England 1st Inning,14.6,14,6,Mohammad Abbas,Emilio Gay,0,no run,No,No,Yes,No,,"Dot ball !! outswinger,  good length,  on the stumps,  Mohammad Abbas sends down a delivery outside the stumps,  and Emilio Gay goes forward and watches it closely,  deciding to let ball go to the keeper."
England 1st Inning,14.5,14,5,Mohammad Abbas,Emilio Gay,0,no run,No,No,No,No,,"Dot ball !! fast ball,  good length,  on the stumps,  Emilio Gay goes forward,  dabs defensive shot with soft hands toward short cover,  but the fielder is quick to react,  thwarts the ball."
England 1st Inning,14.4,14,4,Mohammad Abbas,Emilio Gay,0,no run,No,No,No,No,,"Dot ball !! fast ball,  good length,  on the off stump,  Emilio Gay goes forward and dabs defensive shot with soft hands,  but the fielder is quick to react and thwarts the ball."
England 1st Inning,14.3,14,3,Mohammad Abbas,Emilio Gay,0,no run,No,No,No,No,,"Dot ball !! fast ball,  good length,  on the off stump,  goes forward,  plays defensive shot."
England 1st Inning,14.2,14,2,Mohammad Abbas,Harry Brook,3,3 runs,No,No,Yes,No,,"Harry Brook goes back to take fast ball of good length aimed on the off stump,  executing a confident inside out shot that sent the ball sailing towards deep cover for 3 runs."
England 1st Inning,14.1,14,1,Mohammad Abbas,Harry Brook,0,no run,No,No,No,No,,"Dot ball !! fast ball,  full length,  on the stumps,  goes forward,  plays defensive shot to the point."
England 1st Inning,13.6,13,6,Razaullah,Emilio Gay,0,no run,No,No,Yes,No,,"Dot ball !! outswinger,  back of length,  on the off stump,  Razaullah sends down a delivery outside the off stump,  and Emilio Gay goes forward and watches it closely,  deciding to let ball go to the keeper."
England 1st Inning,13.5,13,5,Razaullah,Emilio Gay,0,no run,No,No,No,No,,"Razaullah pushes this one full and straight at the stumps, and Emilio Gay is solidly behind it, blocking back down the pitch. No run taken."
England 1st Inning,13.4,13,4,Razaullah,Emilio Gay,0,no run,No,No,Yes,No,,"Dot ball !! outswinger,  good length,  on the off stump,  Razaullah sends down a delivery outside the off stump,  and Emilio Gay hangs in the crease and watches it closely,  deciding to let ball go to the keeper."
England 1st Inning,13.3,13,3,Razaullah,Harry Brook,1,1 run,No,No,No,No,,"Harry Brook goes forward and plays a well-timed defensive shot off an fast ball delivers at a good length by the bowler,  but the ball lands safely in the hands of the fielder at short cover for 1 run."
England 1st Inning,13.2,13,2,Razaullah,Emilio Gay,1,1 run,No,No,No,No,,"Emilio Gay goes forward and plays a well-timed flick shot off an fast ball delivers at a good length by the bowler,  but the ball lands safely in the hands of the fielder at deep mid wicket for 1 run."
England 1st Inning,13.1,13,1,Razaullah,Emilio Gay,0,no run,No,No,No,No,,"Dot ball !! inswinger,  full length,  on the off stump,  Emilio Gay goes forward,  trying to hit drive,  but the ball shapes away late,  beats the bat."
England 1st Inning,12.6,12,6,Mohammad Abbas,Emilio Gay,1,1 run,No,No,No,No,,"Emilio Gay goes forward and plays a well-timed flick shot off an fast ball delivers at a good length by the bowler,  but the ball lands safely in the hands of the fielder at deep fine leg for 1 run."
England 1st Inning,12.5,12,5,Mohammad Abbas,Harry Brook,1,1 run,No,No,No,No,,"Harry Brook goes back and plays a well-timed flick shot off an fast ball delivers at a full length by the bowler,  but the ball lands safely in the hands of the fielder at deep square leg for 1 run."
England 1st Inning,12.4,12,4,Mohammad Abbas,Harry Brook,0,no run,No,No,No,No,,"Dot ball !! fast ball,  good length,  on the off stump,  goes forward,  plays defensive shot to the point."
England 1st Inning,12.3,12,3,Mohammad Abbas,Harry Brook,0,no run,No,No,No,No,,"Dot ball !! fast ball,  good length,  on the off stump,  goes forward,  plays defensive shot to the short cover."
England 1st Inning,12.2,12,2,Mohammad Abbas,Harry Brook,0,no run,No,No,No,No,,"Dot ball !! fast ball,  good length,  on the off stump,  Harry Brook goes forward,  tucks defensive shot toward the fielder at mid on,  who halts the ball."
England 1st Inning,12.1,12,1,Mohammad Abbas,Harry Brook,0,no run,No,No,Yes,No,,"Dot Ball !! outswinger,  good length,  on the stumps,  and Harry Brook hangs on and tries to hit defensive shot,  but misses it completely as ball beats the bat,  goes to the keeper."
England 1st Inning,11.6,11,6,Razaullah,Emilio Gay,0,no run,No,No,Yes,No,,"Dot ball !! outswinger,  good length,  on the off stump,  Razaullah sends down a sharp delivery,  Emilio Gay goes forward to defend it,  but mistimes the shot,  beats the bat,  leaving the batter confused."
England 1st Inning,11.5,11,5,Razaullah,Harry Brook,1,1 run,No,No,No,No,,"An accurately pitched fast ball on the off stump,  Harry Brook goes forward to make a confident defensive shot,  but gets an edge,  and the ball goes towards square leg for 1 run."
England 1st Inning,11.3,11,3,Razaullah,Joe Root,0,no run,No,No,No,No,,"Dot ball !! fast ball,  good length,  on the off stump,  Joe Root goes forward and slash defensive shot towards short cover,  but the fielder reacts promptly and blocks it right away."
England 1st Inning,11.2,11,2,Razaullah,Joe Root,0,no run,No,No,No,No,,"Dot ball !! fast ball,  good length,  on the off stump,  Joe Root goes forward,  tucks defensive shot toward the fielder at mid on,  who halts the ball."
England 1st Inning,11.1,11,1,Razaullah,Joe Root,0,no run,No,No,No,No,,"Dot ball !! fast ball,  good length,  on the stumps,  Joe Root goes forward,  tucks defensive shot toward the fielder at short cover,  who halts the ball."
England 1st Inning,10.6,10,6,Mohammad Abbas,Emilio Gay,0,no run,No,No,Yes,No,,"Dot ball !! fast ball,  good length,  on the off stump,  Mohammad Abbas sends down a delivery outside the off stump,  and Emilio Gay hangs in the crease and watches it closely,  deciding to let ball go to the keeper."
England 1st Inning,10.5,10,5,Mohammad Abbas,Emilio Gay,4,Four,Yes,No,No,No,,"Four !! fast ball,  good length,  on the off stump. Emilio Gay hangs in the crease,  hits drive in the gap towards deep cover,  and ball finds the ropes in a flash for four."
England 1st Inning,10.4,10,4,Mohammad Abbas,Emilio Gay,0,no run,No,No,No,No,,"Dot ball !! fast ball,  good length,  on the off stump,  Emilio Gay hangs in the crease and slash defensive shot towards deep point,  but the fielder reacts promptly and blocks it right away."
England 1st Inning,10.3,10,3,Mohammad Abbas,Emilio Gay,0,no run,No,No,No,No,,"Dot ball !! fast ball,  good length,  on the off stump,  hangs in the crease,  but decided to leave the ball at last."
England 1st Inning,10.2,10,2,Mohammad Abbas,Emilio Gay,0,no run,No,No,Yes,No,,"Mohammad Abbas to Emilio Gay, no run, a watchful leave as the ball holds its line outside off. Gay is content to see off the over, with the new-ball pair keeping things tight after the early loss of two wickets."
England 1st Inning,10.1,10,1,Mohammad Abbas,Emilio Gay,0,no run,No,No,No,No,,"Dot ball !! fast ball,  good length,  on the off stump,  Emilio Gay hangs in the crease to the delivery,  tries to defend it with full face of the bat,  but the ball jags away at the last moment,  beating the bat."
England 1st Inning,9.6,9,6,Mohammad Ali,Joe Root,0,no run,No,No,Yes,No,,"Dot ball !! outswinger,  good length,  on the off stump,  Mohammad Ali sends down a delivery outside the off stump,  and Joe Root goes forward and watches it closely,  deciding to let ball go to the keeper."
England 1st Inning,9.5,9,5,Mohammad Ali,Joe Root,0,no run,No,No,No,No,,"Mohammad Ali continues, and Joe Root defends solidly. No run taken."
England 1st Inning,9.4,9,4,Mohammad Ali,Joe Root,0,no run,No,No,No,No,,"Dot ball !! fast ball,  good length,  on the off stump,  Joe Root hangs in the crease and slash defensive shot towards point,  but the fielder reacts promptly and blocks it right away."
England 1st Inning,9.3,9,3,Mohammad Ali,Joe Root,0,no run,No,No,No,No,,"Dot ball !! leg cutter,  back of length,  on the off stump,  hangs in the crease,  but decided to leave the ball at last."
England 1st Inning,9.2,9,2,Mohammad Ali,Joe Root,0,no run,No,No,Yes,No,,"Mohammad Ali to Joe Root, no run, a watchful leave outside off as Root sees out the over."
England 1st Inning,9.1,9,1,Mohammad Ali,Joe Root,0,no run,No,No,No,No,,"Dot ball !! fast ball,  good length,  on the off stump,  Joe Root hangs in the crease to the delivery,  tries to defend it with full face of the bat,  but the ball jags away at the last moment,  beating the bat."
England 1st Inning,8.6,8,6,Mohammad Abbas,Emilio Gay,0,no run,No,No,Yes,No,,"Dot ball !! outswinger,  good length,  on the off stump,  Mohammad Abbas sends down a delivery outside the off stump,  and Emilio Gay goes forward and watches it closely,  deciding to let ball go to the keeper."
England 1st Inning,8.5,8,5,Mohammad Abbas,Emilio Gay,0,no run,No,No,No,No,,"Dot ball !! fast ball,  good length,  on the stumps,  goes forward,  plays flick shot to the short mid wicket."
England 1st Inning,8.4,8,4,Mohammad Abbas,Emilio Gay,0,no run,No,No,Yes,No,,"Dot ball !! outswinger,  good length,  on the off stump,  Mohammad Abbas sends down a delivery outside the off stump,  and Emilio Gay hangs in the crease and watches it closely,  deciding to let ball go to the keeper."
England 1st Inning,8.3,8,3,Mohammad Abbas,Emilio Gay,2,2 runs,No,No,No,No,,"Emilio Gay goes forward and plays defensive shot off an fast ball delivers at a good length by the bowler,  edged!! and the ball lands safely in the hands of the fielder at third man for 2 runs."
England 1st Inning,8.2,8,2,Mohammad Abbas,Emilio Gay,0,no run,No,No,Yes,No,,"Dot ball !! outswinger,  back of length,  on the stumps,  Mohammad Abbas sends down a delivery outside the stumps,  and Emilio Gay hangs in the crease and watches it closely,  deciding to let ball go to the keeper."
England 1st Inning,8.1,8,1,Mohammad Abbas,Joe Root,1,1 run,No,No,No,No,,"Joe Root goes forward to take fast ball of good length aimed on the off stump,  executing a confident defensive shot that sent the ball sailing towards short cover for 1 run."
England 1st Inning,7.6,7,6,Mohammad Ali,Emilio Gay,0,no run,No,No,No,No,,"Dot ball !! fast ball,  good length,  on the stumps,  goes forward,  plays defensive shot to the short cover."
England 1st Inning,7.5,7,5,Mohammad Ali,Emilio Gay,0,no run,No,No,Yes,No,,"Dot ball !! outswinger,  good length,  on the stumps,  Mohammad Ali sends down a delivery outside the stumps,  and Emilio Gay goes forward and watches it closely,  deciding to let ball go to the keeper."
England 1st Inning,7.4,7,4,Mohammad Ali,Joe Root,3,3 runs,No,No,No,No,,"Joe Root goes forward and plays a well-timed flick shot off an fast ball delivers at a good length by the bowler,  but the ball lands safely in the hands of the fielder at deep mid wicket for 3 runs."
England 1st Inning,7.3,7,3,Mohammad Ali,Joe Root,2,2 runs,No,No,No,No,,"Joe Root goes forward and plays a well-timed flick shot off an fast ball delivers at a full length by the bowler,  but the ball lands safely in the hands of the fielder at deep square leg for 2 runs."
England 1st Inning,7.2,7,2,Mohammad Ali,Joe Root,0,no run,No,No,No,No,,"Dot ball !! fast ball,  good length,  on the off stump,  Joe Root goes forward and dabs defensive shot,  but the fielder reacts promptly and blocks it right away."
England 1st Inning,7.1,7,1,Mohammad Ali,Emilio Gay,1,1 run,No,No,No,No,,"Emilio Gay goes forward to take fast ball of good length aimed on the leg stump,  executing a confident flick shot that sent the ball sailing towards deep fine leg for 1 run."
England 1st Inning,6.6,6,6,Mohammad Abbas,Joe Root,0,no run,No,No,No,No,,"Dot ball !! fast ball,  good length,  on the off stump,  goes forward,  plays defensive shot."
England 1st Inning,6.5,6,5,Mohammad Abbas,Joe Root,0,no run,No,No,No,No,,"Dot ball !! inswinger,  good length,  on the off stump,  Joe Root goes back,  tucks defensive shot toward the fielder at short mid wicket,  who halts the ball."
England 1st Inning,6.4,6,4,Mohammad Abbas,Joe Root,0,no run,No,No,No,No,,"Dot Ball !! fast ball,  good length,  on the off stump,  and Joe Root hangs on and tries to hit defensive shot,  but misses it completely as ball beats the bat,  goes to the keeper."
England 1st Inning,6.3,6,3,Mohammad Abbas,Joe Root,2,2 runs,No,No,No,No,,"Joe Root goes forward to take fast ball of good length aimed on the off stump,  executing a confident drive that sent the ball sailing towards deep cover for 2 runs."
England 1st Inning,6.1,6,1,Mohammad Abbas,Jordan Cox,0,no run,No,No,No,No,,"Dot ball !! fast ball,  good length,  on the off stump,  Jordan Cox goes forward,  tucks defensive shot toward the fielder at short mid wicket,  who halts the ball."
England 1st Inning,5.6,5,6,Mohammad Ali,Emilio Gay,2,2 runs,No,No,No,No,,"Emilio Gay goes back and plays a well-timed punch off an fast ball delivers at a good length by the bowler,  but the ball lands safely in the hands of the fielder at deep cover for 2 runs."
England 1st Inning,5.6,5,6,Mohammad Ali,Emilio Gay,0,1 wide,No,No,No,Yes,wide,"bouncer,  short length,  on the leg stump,  An attempted bouncer misses the mark and sails high over Emilio Gay's head,  Umpire Calls it a wide."
England 1st Inning,5.5,5,5,Mohammad Ali,Emilio Gay,0,no run,No,No,No,No,,"Dot ball !! fast ball,  good length,  on the stumps,  Emilio Gay goes forward,  tucks defensive shot toward the fielder at mid off,  who halts the ball."
England 1st Inning,5.4,5,4,Mohammad Ali,Emilio Gay,0,no run,No,No,Yes,No,,"Dot Ball !! outswinger,  good length,  on the stumps,  and Emilio Gay hangs on and tries to hit defensive shot,  but misses it completely as ball beats the bat,  goes to the keeper."
England 1st Inning,5.3,5,3,Mohammad Ali,Emilio Gay,0,no run,No,No,No,No,,"Dot ball !! fast ball,  back of length,  on the off stump,  Emilio Gay goes back,  tucks punch toward the fielder at point,  who halts the ball."
England 1st Inning,5.2,5,2,Mohammad Ali,Jordan Cox,1,1 run,No,No,No,No,,"Jordan Cox goes back to take fast ball of back of length aimed on the off stump,  executing a confident defensive shot that sent the ball sailing towards short cover for 1 run."
England 1st Inning,5.1,5,1,Mohammad Ali,Jordan Cox,2,2 runs,No,No,No,No,,"Jordan Cox goes forward to take fast ball of full length aimed on the off stump,  executing a confident drive that sent the ball sailing towards deep mid wicket for 2 runs."
England 1st Inning,4.6,4,6,Mohammad Abbas,Emilio Gay,0,no run,No,No,Yes,No,,"Dot ball !! outswinger,  good length,  on the off stump,  Mohammad Abbas sends down a delivery outside the off stump,  and Emilio Gay hangs in the crease and watches it closely,  deciding to let ball go to the keeper."
England 1st Inning,4.5,4,5,Mohammad Abbas,Emilio Gay,0,no run,No,No,No,No,,"Dot ball !! fast ball,  good length,  on the leg stump,  Emilio Gay goes forward,  tucks defensive shot toward the fielder at short cover,  who halts the ball."
England 1st Inning,4.4,4,4,Mohammad Abbas,Emilio Gay,0,no run,No,No,Yes,No,,"Dot Ball !! outswinger,  good length,  on the stumps,  and Emilio Gay hangs on and tries to hit defensive shot,  but misses it completely as ball beats the bat,  goes to the keeper."
England 1st Inning,4.3,4,3,Mohammad Abbas,Jordan Cox,1,1 run,No,No,No,No,,"An accurately pitched fast ball on the off stump,  Jordan Cox goes forward to make a confident defensive shot,  sending the ball towards short cover for 1 run."
England 1st Inning,4.2,4,2,Mohammad Abbas,Jordan Cox,0,4 leg bye,No,No,No,Yes,leg_bye,"Leg Bye !! inswinger,  good length,  on the stumps,  Jordan Cox goes forward,  aims to play defensive shot,  but ball direclty brushes against the body. Batter snatch 4 runs off leg bye."
England 1st Inning,4.1,4,1,Mohammad Abbas,Emilio Gay,1,1 run,No,No,No,No,,"An accurately pitched fast ball on the stumps,  Emilio Gay goes forward to make a confident defensive shot,  sending the ball towards point for 1 run."
England 1st Inning,3.5,3,5,Mohammad Ali,Ben Duckett,4,Four,Yes,No,No,No,,"Four !! fast ball,  back of length,  on the off stump,  Ben Duckett goes back,  plays cut in the air to deep point. Ball finds the ropes for four."
England 1st Inning,3.4,3,4,Mohammad Ali,Ben Duckett,0,no run,No,No,No,No,,"Dot ball !! fast ball,  good length,  on the off stump,  Ben Duckett goes forward and slash defensive shot towards short cover,  but the fielder reacts promptly and blocks it right away."
England 1st Inning,3.3,3,3,Mohammad Ali,Ben Duckett,0,no run,No,No,Yes,No,,"Dot ball !! outswinger,  good length,  on the off stump,  Mohammad Ali sends down a sharp delivery,  Ben Duckett hangs in the crease to defend it,  but mistimes the shot,  beats the bat,  leaving the batter confused."
England 1st Inning,3.3,3,3,Mohammad Ali,Ben Duckett,0,1 no ball,No,No,No,Yes,no_ball,"No ball !! fast ball,  good length,  on the off stump,  Ben Duckett hangs in the crease,  displays his finesse with a beautifully timed cut,  ball rolls towards short cover,  umpire signals a no ball,  as Mohammad Ali had overstepped."
England 1st Inning,3.2,3,2,Mohammad Ali,Ben Duckett,4,Four,Yes,No,No,No,,"Four !! inswinger,  good length,  on the off stump,  Ben Duckett goes forward,  plays flick shot in the air to deep mid wicket. Ball finds the ropes for four."
England 1st Inning,3.1,3,1,Mohammad Ali,Ben Duckett,0,no run,No,No,No,No,,"Dot ball !! inswinger,  yorker,  on the stumps,  Ben Duckett goes forward and slash drive towards mid on,  but the fielder reacts promptly and blocks it right away."
England 1st Inning,2.6,2,6,Mohammad Abbas,Emilio Gay,0,no run,No,No,Yes,No,,"Dot ball !! outswinger,  good length,  on the stumps,  Emilio Gay goes forward and strives to hit defensive shot,  aiming to fend it off,  but ball is too tricky to hit."
England 1st Inning,2.5,2,5,Mohammad Abbas,Emilio Gay,0,no run,No,No,No,No,,"Dot ball !! fast ball,  good length,  on the stumps,  goes forward,  plays defensive shot."
England 1st Inning,2.4,2,4,Mohammad Abbas,Emilio Gay,0,no run,No,No,No,No,,"Dot ball !! inswinger,  good length,  on the leg stump,  Mohammad Abbas bowls a sharp delivery,  and Emilio Gay goes back to defend the ball,  but the ball nips away and beats the bat,  leaving the batter stranded."
England 1st Inning,2.3,2,3,Mohammad Abbas,Emilio Gay,0,no run,No,No,No,No,,"Dot ball !! inswinger,  good length,  on the stumps,  Emilio Gay goes forward,  tucks defensive shot toward the fielder at mid off,  who halts the ball."
England 1st Inning,2.2,2,2,Mohammad Abbas,Emilio Gay,0,no run,No,No,Yes,No,,"Dot ball !! outswinger,  good length,  on the stumps,  Mohammad Abbas sends down a delivery outside the stumps,  and Emilio Gay goes forward and watches it closely,  deciding to let ball go to the keeper."
England 1st Inning,2.1,2,1,Mohammad Abbas,Emilio Gay,0,no run,No,No,Yes,No,,"Dot ball !! ,  good length,  on the stumps,  Mohammad Abbas sends down a delivery outside the stumps,  and Emilio Gay goes forward and watches it closely,  deciding to let ball go to the keeper."
England 1st Inning,1.6,1,6,Mohammad Ali,Ben Duckett,0,no run,No,No,Yes,No,,"Dot ball !! outswinger,  good length,  on the off stump,  Mohammad Ali sends down a delivery outside the off stump,  and Ben Duckett goes forward and watches it closely,  deciding to let ball go to the keeper."
England 1st Inning,1.5,1,5,Mohammad Ali,Ben Duckett,0,no run,No,No,Yes,No,,"Dot ball !! outswinger,  good length,  on the off stump,  Mohammad Ali sends down a delivery outside the off stump,  and Ben Duckett goes forward and watches it closely,  deciding to let ball go to the keeper."
England 1st Inning,1.4,1,4,Mohammad Ali,Ben Duckett,0,no run,No,No,Yes,No,,"Dot ball !! outswinger,  good length,  on the stumps,  Mohammad Ali sends down a sharp delivery,  Ben Duckett goes forward to defend it,  but mistimes the shot,  beats the bat,  leaving the batter confused."
England 1st Inning,1.3,1,3,Mohammad Ali,Ben Duckett,2,2 runs,No,No,No,No,,"Ben Duckett goes forward and plays a well-timed drive off an fast ball delivers at a full length by the bowler,  but the ball lands safely in the hands of the fielder at long off for 2 runs."
England 1st Inning,1.2,1,2,Mohammad Ali,Ben Duckett,0,no run,No,No,No,No,,"Dot ball !! inswinger,  good length,  on the stumps,  Ben Duckett goes forward,  tucks defensive shot toward the fielder at short mid wicket,  who halts the ball."
England 1st Inning,1.1,1,1,Mohammad Ali,Ben Duckett,0,no run,No,No,No,No,,"Dot ball !! inswinger,  good length,  on the off stump,  Ben Duckett goes forward,  tucks flick shot toward the fielder at short mid wicket,  who halts the ball."
England 1st Inning,0.6,0,6,Mohammad Abbas,Emilio Gay,0,no run,No,No,Yes,No,,"Dot ball !! outswinger,  good length,  on the off stump,  Mohammad Abbas sends down a delivery outside the off stump,  and Emilio Gay goes forward and watches it closely,  deciding to let ball go to the keeper."
England 1st Inning,0.5,0,5,Mohammad Abbas,Emilio Gay,0,no run,No,No,No,No,,"Dot ball !! inswinger,  good length,  on the stumps,  Emilio Gay goes forward,  trying to hit defensive shot,  but the ball shapes away late,  beats the bat."
England 1st Inning,0.4,0,4,Mohammad Abbas,Emilio Gay,0,no run,No,No,Yes,No,,"Dot ball !! inswinger,  good length,  on the off stump,  Mohammad Abbas sends down a delivery outside the off stump,  and Emilio Gay hangs in the crease and watches it closely,  deciding to let ball go to the keeper."
England 1st Inning,0.3,0,3,Mohammad Abbas,Emilio Gay,0,no run,No,No,No,No,,"Dot ball !! inswinger,  good length,  on the off stump,  Emilio Gay goes forward,  tucks defensive shot toward the fielder at short cover,  who halts the ball."
England 1st Inning,0.2,0,2,Mohammad Abbas,Ben Duckett,1,1 run,No,No,Yes,No,,"Ben Duckett goes forward to take outswinger of good length aimed on the off stump,  executing a confident defensive shot that sent the ball sailing towards short cover for 1 run."
England 1st Inning,0.1,0,1,Mohammad Abbas,Ben Duckett,0,no run,No,No,No,No,,"Dot ball !! inswinger, good length,  on the off stump,  Ben Duckett goes forward and tucks defensive shot toward the fielder,  who halts the ball."
Pakistan 2nd Inning,96.3,96,3,Dan Lawrence,Razaullah,0,no run,No,No,No,No,,"Dot ball !! off break ball,  full length,  on the stumps,  Dan Lawrence sends down a sharp delivery,  Razaullah goes forward to defend it,  but mistimes the shot,  beats the bat,  leaving the batter confused."
Pakistan 2nd Inning,96.2,96,2,Dan Lawrence,Razaullah,0,no run,No,No,No,No,,"Dot ball !! off break ball,  full length,  on the stumps,  Razaullah goes forward,  tucks defensive shot toward the fielder at short mid wicket,  who halts the ball."
Pakistan 2nd Inning,96.1,96,1,Dan Lawrence,Razaullah,6,Six,No,Yes,No,No,,"Six !! What a delivery! off break ball lands right on the stumps,  Razaullah goes forward,  exhibits impeccable timing as batter hammers pull sending it flying to the deep mid wicket region for a remarkable Maximum!"
Pakistan 2nd Inning,95.6,95,6,Josh Tongue,Mohammad Ali,0,no run,No,No,No,No,,"Dot ball !! fast ball,  good length,  on the stumps,  Mohammad Ali goes forward,  dabs defensive shot with soft hands toward short cover,  but the fielder is quick to react,  thwarts the ball."
Pakistan 2nd Inning,95.5,95,5,Josh Tongue,Mohammad Ali,0,no run,No,No,No,No,,"Josh Tongue pitches this one on a full length around off stump, and the batter defends solidly for no run."
Pakistan 2nd Inning,95.4,95,4,Josh Tongue,Mohammad Ali,0,no run,No,No,No,No,,"Dot ball !! fast ball,  good length,  on the off stump,  goes forward,  plays defensive shot to the short mid wicket."
Pakistan 2nd Inning,95.3,95,3,Josh Tongue,Mohammad Ali,0,no run,No,No,No,No,,"Dot ball !! bouncer,  good length,  on the off stump,  Josh Tongue bowls a sharp delivery,  and Mohammad Ali goes forward to defend the ball,  but the ball nips away and beats the bat,  leaving the batter stranded."
Pakistan 2nd Inning,95.2,95,2,Josh Tongue,Mohammad Ali,4,Four,Yes,No,No,No,,"Four !! fast ball,  good length,  on the stumps,  goes forward,  plays in the gap to the deep mid wicket for four."
Pakistan 2nd Inning,94.6,94,6,Dan Lawrence,Mohammad Abbas,0,1 leg bye,No,No,No,Yes,leg_bye,"Dan Lawrence bowls full and on the stumps, deflecting off the pads for a single leg bye."
Pakistan 2nd Inning,94.5,94,5,Dan Lawrence,Razaullah,1,1 run,No,No,No,No,,"Razaullah goes forward to take off break ball of full length aimed on the stumps,  executing a confident defensive shot that sent the ball sailing towards short cover for 1 run."
Pakistan 2nd Inning,94.4,94,4,Dan Lawrence,Razaullah,0,no run,No,No,No,No,,"Dot ball !! off break ball,  full length,  on the off stump,  goes forward,  plays drive to the short mid wicket."
Pakistan 2nd Inning,94.3,94,3,Dan Lawrence,Razaullah,0,no run,No,No,No,No,,"Dot ball !! off break ball,  full length,  on the stumps,  Razaullah goes forward and slash defensive shot towards short cover,  but the fielder reacts promptly and blocks it right away."
Pakistan 2nd Inning,94.2,94,2,Dan Lawrence,Razaullah,0,no run,No,No,No,No,,"Dot ball !! off break ball,  full length,  on the stumps,  Razaullah goes forward,  dabs defensive shot with soft hands toward short cover,  but the fielder is quick to react,  thwarts the ball."
Pakistan 2nd Inning,94.1,94,1,Dan Lawrence,Razaullah,0,no run,No,No,No,No,,Dan Lawrence begins the over with a dot ball as the batter defends safely.
Pakistan 2nd Inning,93.6,93,6,Josh Tongue,Mohammad Abbas,0,no run,No,No,Yes,No,,"Dot ball !! fast ball,  back of length,  on the off stump,  Josh Tongue sends down a delivery outside the off stump,  and Mohammad Abbas goes forward and watches it closely,  deciding to let ball go to the keeper."
Pakistan 2nd Inning,93.5,93,5,Josh Tongue,Mohammad Abbas,2,2 runs,No,No,No,No,,"Mohammad Abbas goes forward to take fast ball of back of length aimed on the off stump,  executing a confident defensive shot that sent the ball sailing towards deep cover for 2 runs."
Pakistan 2nd Inning,93.4,93,4,Josh Tongue,Mohammad Abbas,0,no run,No,No,No,No,,"Dot ball !! fast ball,  good length,  on the leg stump,  Mohammad Abbas goes back to the delivery,  tries to defend it with full face of the bat,  but the ball jags away at the last moment,  beating the bat."
Pakistan 2nd Inning,93.3,93,3,Josh Tongue,Mohammad Abbas,0,no run,No,No,Yes,No,,"Dot ball !! bouncer,  back of length,  on the stumps,  Josh Tongue sends down a delivery outside the stumps,  and Mohammad Abbas goes forward and watches it closely,  deciding to let ball go to the keeper."
Pakistan 2nd Inning,93.2,93,2,Josh Tongue,Mohammad Abbas,0,no run,No,No,No,No,,"Dot ball !! bouncer,  back of length,  on the off stump,  Mohammad Abbas goes forward to the delivery,  tries to defend it with full face of the bat,  but the ball jags away at the last moment,  beating the bat."
Pakistan 2nd Inning,93.1,93,1,Josh Tongue,Razaullah,1,1 run,No,No,Yes,No,,"Razaullah goes forward and plays a well-timed inside out shot off an fast ball delivers at a back of length by the bowler,  but the ball lands safely in the hands of the fielder at deep cover for 1 run."
Pakistan 2nd Inning,92.6,92,6,Gus Atkinson,Mohammad Abbas,0,no run,No,No,Yes,No,,"Dot ball !! bouncer,  back of length,  on the stumps,  Gus Atkinson sends down a delivery outside the stumps,  and Mohammad Abbas goes forward and watches it closely,  deciding to let ball go to the keeper."
Pakistan 2nd Inning,92.5,92,5,Gus Atkinson,Razaullah,0,1 leg bye,No,No,No,Yes,leg_bye,"Leg Bye !! fast ball,  yorker,  on the leg stump,  Razaullah goes forward,  swats it,  but the ball slides off the body,  batter is quick to avail this leg bye for 1 run."
Pakistan 2nd Inning,92.4,92,4,Gus Atkinson,Razaullah,0,no run,No,No,No,No,,"Gus Atkinson drops it in short of a good length down the leg side, and no run is taken."
Pakistan 2nd Inning,92.3,92,3,Gus Atkinson,Razaullah,0,no run,No,No,No,No,,"Dot ball !! fast ball,  good length,  on the leg stump,  goes forward,  tries to play but misses to get the bat on it."
Pakistan 2nd Inning,92.2,92,2,Gus Atkinson,Razaullah,0,no run,No,No,No,No,,"Dot ball !! fast ball,  back of length,  on the leg stump,  Gus Atkinson bowls a sharp delivery,  and Razaullah goes forward to defend the ball,  but the ball nips away and beats the bat,  leaving the batter stranded."
Pakistan 2nd Inning,92.1,92,1,Gus Atkinson,Razaullah,0,no run,No,No,No,No,,"Dot ball !! fast ball,  back of length,  on the leg stump,  Razaullah goes forward and dabs defensive shot,  but the fielder reacts promptly and blocks it right away."
Pakistan 2nd Inning,91.6,91,6,Jofra Archer,Mohammad Abbas,0,no run,No,No,No,No,,Jofra Archer finishes the over with a dot ball as the batter defends safely.
Pakistan 2nd Inning,91.5,91,5,Jofra Archer,Mohammad Abbas,0,no run,No,No,No,No,,"Dot ball !! fast ball,  good length,  on the off stump,  Jofra Archer bowls a sharp delivery,  and Mohammad Abbas hangs in the crease to defend the ball,  but the ball nips away and beats the bat,  leaving the batter stranded."
Pakistan 2nd Inning,91.4,91,4,Jofra Archer,Mohammad Abbas,0,no run,No,No,No,No,,"Dot ball !! fast ball,  good length,  on the off stump,  hangs in the crease,  tries to play but misses to get the bat on it."
Pakistan 2nd Inning,91.3,91,3,Jofra Archer,Mohammad Abbas,4,Four,Yes,No,No,No,,"Four !! fast ball,  full length,  on the off stump,  Mohammad Abbas elegantly goes forward into the shot,  gracefully guides it to deep cover region,  the ball speeds away and finds the boundary rope."
Pakistan 2nd Inning,91.2,91,2,Jofra Archer,Mohammad Abbas,0,no run,No,No,No,No,,Jofra Archer runs in and bowls a dot ball as the batter defends safely.
Pakistan 2nd Inning,91.1,91,1,Jofra Archer,Mohammad Abbas,0,no run,No,No,Yes,No,,"Dot ball !! fast ball,  back of length,  on the leg stump,  Mohammad Abbas goes forward to the delivery,  letting it go to the keeper without offering a shot."
Pakistan 2nd Inning,90.6,90,6,Gus Atkinson,Razaullah,6,Six,No,Yes,No,No,,"Six !! What a delivery! fast ball lands right on the off stump,  Razaullah goes forward,  exhibits impeccable timing as batter hammers pull sending it flying to the deep cover region for a remarkable Maximum!"
Pakistan 2nd Inning,90.5,90,5,Gus Atkinson,Mohammad Abbas,0,1 leg bye,No,No,No,Yes,leg_bye,"Gus Atkinson fires in a yorker on off stump, and they scramble through for a single leg bye."
Pakistan 2nd Inning,90.4,90,4,Gus Atkinson,Mohammad Abbas,0,no run,No,No,No,No,,"Dot ball !! bouncer,  back of length,  on the stumps,  Mohammad Abbas goes forward to the delivery,  tries to defend it with full face of the bat,  but the ball jags away at the last moment,  beating the bat."
Pakistan 2nd Inning,90.3,90,3,Gus Atkinson,Mohammad Abbas,6,Six,No,Yes,No,No,,"Six !! What a delivery! fast ball lands right on the off stump,  Mohammad Abbas goes forward,  exhibits impeccable timing as batter hammers pull sending it flying to the long on region for a remarkable Maximum!"
Pakistan 2nd Inning,90.2,90,2,Gus Atkinson,Mohammad Abbas,0,no run,No,No,No,No,,"Dot ball !! bouncer,  back of length,  on the off stump,  goes forward,  plays defensive shot to the short mid wicket."
Pakistan 2nd Inning,90.1,90,1,Gus Atkinson,Mohammad Abbas,0,no run,No,No,No,No,,"Dot ball !! fast ball,  good length,  on the stumps,  Mohammad Abbas goes forward and dabs defensive shot,  but the fielder reacts promptly and blocks it right away."
Pakistan 2nd Inning,89.6,89,6,Jofra Archer,Razaullah,4,Four,Yes,No,Yes,No,,"Four !! fast ball,  full length,  on the stumps. Razaullah goes forward,  hits inside out shot in the gap towards deep cover,  and ball finds the ropes in a flash for four."
Pakistan 2nd Inning,89.5,89,5,Jofra Archer,Razaullah,6,Six,No,Yes,No,No,,"Six !! What a delivery! fast ball lands right on the off stump,  Razaullah goes back,  exhibits impeccable timing as batter hammers pull sending it flying to the deep mid wicket region for a remarkable Maximum!"
Pakistan 2nd Inning,89.4,89,4,Jofra Archer,Mohammad Abbas,1,1 run,No,No,No,No,,"Mohammad Abbas goes forward and plays a well-timed push off an fast ball delivers at a full length by the bowler,  but the ball lands safely in the hands of the fielder at short cover for 1 run."
Pakistan 2nd Inning,89.3,89,3,Jofra Archer,Mohammad Abbas,0,no run,No,No,No,No,,"Dot ball !! fast ball,  good length,  on the off stump,  Mohammad Abbas goes forward,  tucks defensive shot toward the fielder at short cover,  who halts the ball."
Pakistan 2nd Inning,89.2,89,2,Jofra Archer,Mohammad Abbas,0,no run,No,No,No,No,,"Dot Ball !! fast ball,  good length,  on the off stump,  and Mohammad Abbas hangs on and tries to hit defensive shot,  but misses it completely as ball beats the bat,  goes to the keeper."
Pakistan 2nd Inning,89.1,89,1,Jofra Archer,Mohammad Abbas,0,no run,No,No,No,No,,"Dot ball !! fast ball,  yorker,  on the off stump,  Mohammad Abbas goes back and slash cut towards point,  but the fielder reacts promptly and blocks it right away."
Pakistan 2nd Inning,88.6,88,6,Gus Atkinson,Mohammad Abbas,1,1 run,No,No,No,No,,"Mohammad Abbas goes forward and plays a well-timed flick shot off an fast ball delivers at a good length by the bowler,  but the ball lands safely in the hands of the fielder at deep mid wicket for 1 run."
Pakistan 2nd Inning,88.5,88,5,Gus Atkinson,Mohammad Abbas,0,no run,No,No,No,No,,"Dot ball !! fast ball,  good length,  on the stumps,  goes back,  plays defensive shot to the short mid wicket."
Pakistan 2nd Inning,88.4,88,4,Gus Atkinson,Mohammad Abbas,2,2 runs,No,No,No,No,,"An accurately pitched fast ball on the stumps,  Mohammad Abbas goes forward to make a confident flick shot,  sending the ball towards deep mid wicket for 2 runs."
Pakistan 2nd Inning,88.3,88,3,Gus Atkinson,Mohammad Abbas,0,no run,No,No,Yes,No,,"Dot ball !! fast ball,  back of length,  on the stumps,  Gus Atkinson sends down a delivery outside the stumps,  and Mohammad Abbas goes forward and watches it closely,  deciding to let ball go to the keeper."
Pakistan 2nd Inning,88.2,88,2,Gus Atkinson,Mohammad Abbas,2,2 runs,No,No,Yes,No,,"Mohammad Abbas goes back to take outswinger of back of length aimed on the off stump,  executing a confident cut that sent the ball sailing towards third man for 2 runs."
Pakistan 2nd Inning,88.1,88,1,Gus Atkinson,Mohammad Abbas,0,no run,No,No,No,No,,"Dot ball !! fast ball,  good length,  on the stumps,  Mohammad Abbas goes forward,  tucks defensive shot toward the fielder at short cover,  who halts the ball."
Pakistan 2nd Inning,87.6,87,6,Jofra Archer,Razaullah,0,no run,No,No,Yes,No,,"Dot ball !! outswinger,  good length,  on the stumps,  Jofra Archer sends down a sharp delivery,  Razaullah goes back to defend it,  but mistimes the shot,  beats the bat,  leaving the batter confused."
Pakistan 2nd Inning,87.5,87,5,Jofra Archer,Razaullah,6,Six,No,Yes,No,No,,"Six !! fast ball is delivered on the stumps,  full length,  Razaullah hangs in the crease,  displays great skill by powering sloge sweep to long off for a magnificent Maximum!"
Pakistan 2nd Inning,87.4,87,4,Jofra Archer,Razaullah,6,Six,No,Yes,No,No,,"Six !! What a delivery! fast ball lands right on the stumps,  Razaullah goes back,  exhibits impeccable timing as batter hammers and sends it flying to the long off region for a remarkable Maximum!"
Pakistan 2nd Inning,87.3,87,3,Jofra Archer,Razaullah,2,2 runs,No,No,No,No,,"Razaullah goes forward to take inswinger of full length aimed on the stumps,  executing a confident drive that sent the ball sailing towards long on for 2 runs."
Pakistan 2nd Inning,87.2,87,2,Jofra Archer,Razaullah,0,no run,No,No,Yes,No,,"Dot ball !! outswinger,  good length,  on the off stump,  Razaullah hangs in the crease to the delivery,  tries to defend it with full face of the bat,  but the ball jags away at the last moment,  beating the bat."
Pakistan 2nd Inning,87.1,87,1,Jofra Archer,Razaullah,0,no run,No,No,No,No,,"Dot ball !! fast ball,  good length,  on the stumps,  Jofra Archer bowls a sharp delivery,  and Razaullah goes back to defend the ball,  but the ball nips away and beats the bat,  leaving the batter stranded."
Pakistan 2nd Inning,86.6,86,6,Ollie Robinson,Mohammad Abbas,4,Four,Yes,No,No,No,,Ollie Robinson runs in to bowl. Mohammad Abbas connects cleanly and sends the ball racing away to the boundary for four.
Pakistan 2nd Inning,86.5,86,5,Ollie Robinson,Mohammad Abbas,0,no run,No,No,Yes,No,,"Dot ball !! outswinger,  good length,  on the off stump,  Mohammad Abbas goes back,  dabs cut with soft hands toward point,  but the fielder is quick to react,  thwarts the ball."
Pakistan 2nd Inning,86.4,86,4,Ollie Robinson,Mohammad Abbas,0,no run,No,No,No,No,,"Dot ball !! fast ball,  full length,  on the off stump,  Mohammad Abbas goes forward,  tucks defensive shot toward the fielder at short cover,  who halts the ball."
Pakistan 2nd Inning,86.3,86,3,Ollie Robinson,Mohammad Abbas,0,no run,No,No,No,No,,Ollie Robinson delivers a dot ball as the batter defends safely.
Pakistan 2nd Inning,86.2,86,2,Ollie Robinson,Mohammad Abbas,0,no run,No,No,Yes,No,,"Dot ball !! outswinger,  good length,  on the off stump,  Mohammad Abbas goes forward to the delivery,  tries to defend it with full face of the bat,  but the ball jags away at the last moment,  beating the bat."
Pakistan 2nd Inning,86.1,86,1,Ollie Robinson,Mohammad Abbas,0,no run,No,No,No,No,,"Dot ball !! ,  full length,  on the off stump,  goes forward,  plays defensive shot to the mid off."
Pakistan 2nd Inning,85.6,85,6,Jofra Archer,Razaullah,4,Four,Yes,No,No,No,,"Four !! fast ball,  fulltoss,  on the stumps. Razaullah goes back,  hits cut in the gap towards deep cover,  and ball finds the ropes in a flash for four."
Pakistan 2nd Inning,85.5,85,5,Jofra Archer,Mohammad Abbas,0,1 leg bye,No,No,No,Yes,leg_bye,"Leg Bye !! inswinger,  yorker,  on the leg stump,  Mohammad Abbas goes forward,  swats it,  but the ball slides off the body,  batter is quick to avail this leg bye for 1 run."
Pakistan 2nd Inning,85.4,85,4,Jofra Archer,Mohammad Abbas,0,no run,No,No,No,No,,"Dot ball !! inswinger,  good length,  on the leg stump,  Mohammad Abbas goes forward to the delivery,  tries to defend it with full face of the bat,  but the ball jags away at the last moment,  beating the bat."
Pakistan 2nd Inning,85.3,85,3,Jofra Archer,Razaullah,1,1 run,No,No,No,No,,"Razaullah goes forward and plays a well-timed drive off an inswinger delivers at a good length by the bowler,  but the ball lands safely in the hands of the fielder at mid on for 1 run."
Pakistan 2nd Inning,85.2,85,2,Jofra Archer,Razaullah,0,no run,No,No,Yes,No,,"Dot ball !! outswinger,  good length,  on the off stump,  Razaullah goes back to the delivery,  tries to defend it with full face of the bat,  but the ball jags away at the last moment,  beating the bat."
Pakistan 2nd Inning,85.1,85,1,Jofra Archer,Razaullah,0,no run,No,No,Yes,No,,"Dot ball !! outswinger,  good length,  on the off stump,  Jofra Archer sends down a sharp delivery,  Razaullah hangs in the crease to defend it,  but mistimes the shot,  beats the bat,  leaving the batter confused."
Pakistan 2nd Inning,84.6,84,6,Ollie Robinson,Mohammad Abbas,0,no run,No,No,No,No,,"Dot ball !! fast ball,  good length,  on the off stump,  goes forward,  plays defensive shot to the point."
Pakistan 2nd Inning,84.5,84,5,Ollie Robinson,Mohammad Abbas,0,no run,No,No,Yes,No,,"Dot ball !! outswinger,  good length,  on the stumps,  Mohammad Abbas goes forward and strives to hit defensive shot,  aiming to fend it off,  but ball is too tricky to hit."
Pakistan 2nd Inning,84.4,84,4,Ollie Robinson,Mohammad Abbas,6,Six,No,Yes,No,No,,"Six !! What a delivery! inswinger lands right on the off stump,  Mohammad Abbas goes back,  exhibits impeccable timing as batter hammers pull sending it flying to the deep mid wicket region for a remarkable Maximum!"
Pakistan 2nd Inning,84.3,84,3,Ollie Robinson,Mohammad Abbas,0,no run,No,No,No,No,,"Dot ball !! fast ball,  good length,  on the off stump,  goes forward,  plays defensive shot."
Pakistan 2nd Inning,84.2,84,2,Ollie Robinson,Razaullah,1,1 run,No,No,No,No,,"An accurately pitched fast ball on the stumps,  Razaullah goes forward to make a confident defensive shot,  sending the ball towards short mid wicket for 1 run."
Pakistan 2nd Inning,84.1,84,1,Ollie Robinson,Razaullah,4,Four,Yes,No,No,No,,"Four !! fast ball,  back of length,  on the off stump. Razaullah goes back,  hits punch in the gap towards deep cover,  and ball finds the ropes in a flash for four."
Pakistan 2nd Inning,83.6,83,6,Josh Tongue,Mohammad Abbas,0,no run,No,No,No,No,,"Dot ball !! fast ball,  fulltoss,  on the off stump,  Mohammad Abbas goes forward,  tucks defensive shot toward the fielder at point,  who halts the ball."
Pakistan 2nd Inning,83.5,83,5,Josh Tongue,Mohammad Abbas,0,no run,No,No,Yes,No,,"Dot ball !! outswinger,  good length,  on the off stump,  Mohammad Abbas goes forward and strives to hit defensive shot,  aiming to fend it off,  but ball is too tricky to hit."
Pakistan 2nd Inning,83.4,83,4,Josh Tongue,Mohammad Abbas,4,Four,Yes,No,No,No,,"Four !! inswinger,  good length,  on the off stump,  Mohammad Abbas elegantly goes back into the shot,  gracefully guides it to third man region,  the ball speeds away and finds the boundary rope."
Pakistan 2nd Inning,83.3,83,3,Josh Tongue,Mohammad Abbas,0,no run,No,No,No,No,,"Dot ball !! fast ball,  full length,  on the stumps,  Mohammad Abbas goes forward,  tucks defensive shot toward the fielder at short cover,  who halts the ball."
Pakistan 2nd Inning,83.2,83,2,Josh Tongue,Razaullah,1,1 run,No,No,No,No,,"Razaullah goes back and plays a well-timed pull off an fast ball delivers at a back of length by the bowler,  but the ball lands safely in the hands of the fielder at long on for 1 run."
Pakistan 2nd Inning,83.1,83,1,Josh Tongue,Razaullah,0,no run,No,No,No,No,,"Dot Ball !! inswinger,  good length,  on the stumps,  and Razaullah hangs on and tries to hit defensive shot,  but misses it completely as ball beats the bat,  goes to the keeper."
Pakistan 2nd Inning,82.6,82,6,Dan Lawrence,Mohammad Abbas,0,no run,No,No,No,No,,"Dot ball !! arm ball,  yorker,  on the off stump,  Mohammad Abbas goes forward to the delivery,  tries to defend it with full face of the bat,  but the ball jags away at the last moment,  beating the bat."
Pakistan 2nd Inning,82.5,82,5,Dan Lawrence,Mohammad Abbas,2,2 runs,No,No,No,No,,"Mohammad Abbas goes forward to take of full length aimed on the leg stump,  executing a confident flick shot that sent the ball sailing towards deep square leg for 2 runs."
Pakistan 2nd Inning,82.4,82,4,Dan Lawrence,Mohammad Abbas,0,no run,No,No,No,No,,"Dot ball !! ,  full length,  on the off stump,  Mohammad Abbas hangs in the crease,  dabs reverse sweep with soft hands toward point,  but the fielder is quick to react,  thwarts the ball."
Pakistan 2nd Inning,82.3,82,3,Dan Lawrence,Mohammad Abbas,0,no run,No,No,No,No,,"Dot ball !! ,  full length,  on the stumps,  goes forward,  plays defensive shot to the mid off."
Pakistan 2nd Inning,82.2,82,2,Dan Lawrence,Mohammad Abbas,0,no run,No,No,No,No,,Dan Lawrence keeps it tight as the batter defends safely for no run.
Pakistan 2nd Inning,82.1,82,1,Dan Lawrence,Mohammad Abbas,4,Four,Yes,No,No,No,,"Four !! ,  full length,  on the stumps. Mohammad Abbas hangs in the crease,  hits reverse sweep in the gap towards deep point,  and ball finds the ropes in a flash for four."
Pakistan 2nd Inning,81.6,81,6,Josh Tongue,Razaullah,0,no run,No,No,Yes,No,,"Dot Ball !! outswinger,  full length,  on the off stump,  and Razaullah hangs on and tries to hit drive,  but misses it completely as ball beats the bat,  goes to the keeper."
Pakistan 2nd Inning,81.5,81,5,Josh Tongue,Razaullah,0,no run,No,No,Yes,No,,"Dot Ball !! outswinger,  good length,  on the stumps,  and Razaullah hangs on and tries to hit sloge sweep,  but misses it completely as ball beats the bat,  goes to the keeper."
Pakistan 2nd Inning,81.4,81,4,Josh Tongue,Razaullah,0,no run,No,No,No,No,,"Dot Ball !! inswinger,  good length,  on the off stump,  and Razaullah hangs on and tries to hit pull,  but misses it completely as ball beats the bat,  goes to the keeper."
Pakistan 2nd Inning,81.3,81,3,Josh Tongue,Razaullah,0,no run,No,No,No,No,,"Dot ball !! fast ball,  full length,  on the off stump,  Razaullah goes forward to the delivery,  tries to defend it with full face of the bat,  but the ball jags away at the last moment,  beating the bat."
Pakistan 2nd Inning,81.2,81,2,Josh Tongue,Razaullah,0,no run,No,No,No,No,,"Dot ball !! fast ball,  good length,  on the off stump,  Razaullah goes forward to the delivery,  tries to defend it with full face of the bat,  but the ball jags away at the last moment,  beating the bat."
Pakistan 2nd Inning,81.1,81,1,Josh Tongue,Razaullah,0,4 leg bye,No,No,No,Yes,leg_bye,"Leg Bye !! inswinger,  good length,  on the stumps,  Razaullah goes back,  aims to play it,  but ball direclty brushes against the body. Batter snatch 4 runs off leg bye."
Pakistan 2nd Inning,80.6,80,6,Dan Lawrence,Mohammad Abbas,0,no run,No,No,No,No,,"Dot ball !! arm ball, yorker,  on the stumps,  Mohammad Abbas goes forward and tucks defensive shot toward the fielder,  who halts the ball."
Pakistan 2nd Inning,80.5,80,5,Dan Lawrence,Razaullah,1,1 run,No,No,No,No,,"Razaullah goes forward and plays a well-timed defensive shot off an delivers at a full length by the bowler,  but the ball lands safely in the hands of the fielder at short cover for 1 run."
Pakistan 2nd Inning,80.4,80,4,Dan Lawrence,Razaullah,0,no run,No,No,No,No,,"Dot Ball !! arm ball,  good length,  on the off stump,  and Razaullah hangs on and tries to hit cut,  but misses it completely as ball beats the bat,  goes to the keeper."
Pakistan 2nd Inning,80.3,80,3,Dan Lawrence,Razaullah,0,no run,No,No,No,No,,"Dot ball !! ,  good length,  on the leg stump,  Dan Lawrence sends down a sharp delivery,  Razaullah goes forward to defend it,  but mistimes the shot,  beats the bat,  leaving the batter confused."
Pakistan 2nd Inning,80.2,80,2,Dan Lawrence,Razaullah,0,no run,No,No,No,No,,"Dot ball !! ,  full length,  on the stumps,  goes forward,  plays defensive shot to the mid off."
Pakistan 2nd Inning,80.1,80,1,Dan Lawrence,Razaullah,0,no run,No,No,No,No,,"Dot ball !! off break ball,  good length,  on the leg stump,  Razaullah hangs in the crease to the delivery,  tries to defend it with full face of the bat,  but the ball jags away at the last moment,  beating the bat."
Pakistan 2nd Inning,79.6,79,6,Josh Tongue,Mohammad Abbas,0,no run,No,No,No,No,,"Dot ball !! fast ball,  full length,  on the stumps,  Mohammad Abbas hangs in the crease and slash flick shot towards mid on,  but the fielder reacts promptly and blocks it right away."
Pakistan 2nd Inning,79.5,79,5,Josh Tongue,Mohammad Abbas,0,no run,No,No,No,No,,"Dot ball !! bouncer,  good length,  on the stumps,  Mohammad Abbas hangs in the crease to make a room for himself,  but left it alone for the keeper to collect at the last moment."
Pakistan 2nd Inning,79.4,79,4,Josh Tongue,Mohammad Abbas,0,no run,No,No,No,No,,"Dot ball !! fast ball,  good length,  on the off stump,  Mohammad Abbas hangs in the crease to the delivery,  tries to defend it with full face of the bat,  but the ball jags away at the last moment,  beating the bat."
Pakistan 2nd Inning,79.3,79,3,Josh Tongue,Razaullah,1,1 run,No,No,No,No,,"Razaullah goes forward and plays a well-timed flick shot off an fast ball delivers at a full length by the bowler,  but the ball lands safely in the hands of the fielder at deep fine leg for 1 run."
Pakistan 2nd Inning,79.2,79,2,Josh Tongue,Mohammad Abbas,0,1 bye,No,No,No,Yes,bye,"Bye !! fast ball,  good length,  on the leg stump,  Mohammad Abbas goes forward,  aims to play it,  but the ball evades the batter and keeper,  they are quick to steal 1 runs off bye."
Pakistan 2nd Inning,79.1,79,1,Josh Tongue,Mohammad Abbas,0,no run,No,No,No,No,,"Dot ball !! fast ball,  back of length,  on the stumps,  Mohammad Abbas hangs in the crease to make a room for himself,  but left it alone for the keeper to collect at the last moment."
Pakistan 2nd Inning,78.6,78,6,Gus Atkinson,Razaullah,6,Six,No,Yes,No,No,,"Six !! What a delivery! fast ball lands right on the stumps,  Razaullah hangs in the crease,  exhibits impeccable timing as batter hammers pull sending it flying to the deep mid wicket region for a remarkable Maximum!"
Pakistan 2nd Inning,78.5,78,5,Gus Atkinson,Razaullah,6,Six,No,Yes,No,No,,"Six !! What a delivery! fast ball lands right on the stumps,  Razaullah hangs in the crease,  exhibits impeccable timing as batter hammers and sends it flying to the long on region for a remarkable Maximum!"
Pakistan 2nd Inning,78.4,78,4,Gus Atkinson,Razaullah,0,no run,No,No,Yes,No,,"Dot ball !! bouncer,  back of length,  on the stumps,  Gus Atkinson sends down a delivery outside the stumps,  and Razaullah goes forward and watches it closely,  deciding to let ball go to the keeper."
Pakistan 2nd Inning,78.3,78,3,Gus Atkinson,Razaullah,6,Six,No,Yes,No,No,,"Six !! What a delivery! fast ball lands right on the off stump,  Razaullah goes back,  exhibits impeccable timing as batter hammers and sends it flying to the deep mid wicket region for a remarkable Maximum!"
Pakistan 2nd Inning,78.2,78,2,Gus Atkinson,Razaullah,0,no run,No,No,Yes,No,,"Dot ball !! bouncer,  back of length,  on the off stump,  Gus Atkinson sends down a delivery outside the off stump,  and Razaullah goes forward and watches it closely,  deciding to let ball go to the keeper."
Pakistan 2nd Inning,78.1,78,1,Gus Atkinson,Razaullah,0,no run,No,No,No,No,,"Dot ball !! fast ball,  good length,  on the off stump,  Razaullah goes forward,  tucks defensive shot toward the fielder at mid off,  who halts the ball."
Pakistan 2nd Inning,77.6,77,6,Josh Tongue,Mohammad Abbas,4,Four,Yes,No,No,No,,"Four !! fast ball,  good length,  on the stumps. Mohammad Abbas goes back,  hits pull in the gap towards long on,  and ball finds the ropes in a flash for four."
Pakistan 2nd Inning,77.5,77,5,Josh Tongue,Mohammad Abbas,0,no run,No,No,No,No,,"Dot ball !! fast ball,  good length,  on the off stump,  Mohammad Abbas goes forward and dabs defensive shot,  but the fielder reacts promptly and blocks it right away."
Pakistan 2nd Inning,77.4,77,4,Josh Tongue,Razaullah,1,1 run,No,No,No,No,,"Josh Tongue serves a full delivery on off stump, pushed away to take one."
Pakistan 2nd Inning,77.3,77,3,Josh Tongue,Razaullah,0,no run,No,No,No,No,,"Dot ball !! fast ball,  yorker,  on the off stump,  Razaullah goes forward,  tucks defensive shot toward the fielder at mid on,  who halts the ball."
Pakistan 2nd Inning,77.2,77,2,Josh Tongue,Razaullah,0,no run,No,No,No,No,,Josh Tongue runs in and delivers a dot ball as the batter defends safely.
Pakistan 2nd Inning,77.1,77,1,Josh Tongue,Razaullah,0,no run,No,No,No,No,,"Dot ball !! fast ball,  good length,  on the off stump,  goes back,  tries to play but misses to get the bat on it."
Pakistan 2nd Inning,76.6,76,6,Gus Atkinson,Mohammad Abbas,0,no run,No,No,No,No,,"Dot ball !! slower ball,  full length,  on the off stump,  Mohammad Abbas goes forward,  plays it with soft hands towards short mid wicket,  but the fielder is quick to react and prevents the run."
Pakistan 2nd Inning,76.5,76,5,Gus Atkinson,Mohammad Abbas,0,no run,No,No,No,No,,"Dot ball !! fast ball,  back of length,  on the off stump,  Mohammad Abbas goes forward,  tucks defensive shot toward the fielder at mid on,  who halts the ball."
Pakistan 2nd Inning,76.4,76,4,Gus Atkinson,Mohammad Abbas,0,no run,No,No,No,No,,"Dot ball !! fast ball,  good length,  on the off stump,  Mohammad Abbas goes forward to make a room for himself,  but left it alone for the keeper to collect at the last moment."
Pakistan 2nd Inning,76.3,76,3,Gus Atkinson,Mohammad Abbas,0,no run,No,No,Yes,No,,"Dot ball !! fast ball,  good length,  on the leg stump,  Gus Atkinson sends down a delivery outside the leg stump,  and Mohammad Abbas goes forward and watches it closely,  deciding to let ball go to the keeper."
Pakistan 2nd Inning,76.2,76,2,Gus Atkinson,Mohammad Abbas,0,no run,No,No,No,No,,"Dot ball !! fast ball,  good length,  on the off stump,  Mohammad Abbas goes forward and slash defensive shot towards short cover,  but the fielder reacts promptly and blocks it right away."
Pakistan 2nd Inning,76.1,76,1,Gus Atkinson,Mohammad Abbas,0,no run,No,No,No,No,,"Dot ball !! fast ball,  full length,  on the stumps,  goes forward,  plays flick shot to the short mid wicket."
Pakistan 2nd Inning,75.6,75,6,Josh Tongue,Razaullah,0,no run,No,No,Yes,No,,"Dot ball !! bouncer,  short length,  on the stumps,  Josh Tongue sends down a delivery outside the stumps,  and Razaullah goes forward and watches it closely,  deciding to let ball go to the keeper."
Pakistan 2nd Inning,75.5,75,5,Josh Tongue,Razaullah,0,no run,No,No,Yes,No,,"Dot ball !! slower ball,  back of length,  on the stumps,  Josh Tongue sends down a delivery outside the stumps,  and Razaullah goes forward and watches it closely,  deciding to let ball go to the keeper."
Pakistan 2nd Inning,75.4,75,4,Josh Tongue,Razaullah,0,no run,No,No,Yes,No,,"Dot ball !! bouncer,  back of length,  on the off stump,  Razaullah goes forward to the delivery,  letting it go to the keeper without offering a shot."
Pakistan 2nd Inning,75.3,75,3,Josh Tongue,Razaullah,0,no run,No,No,No,No,,"Dot ball !! fast ball,  back of length,  on the leg stump,  goes forward,  but decided to leave the ball at last."
Pakistan 2nd Inning,75.2,75,2,Josh Tongue,Razaullah,6,Six,No,Yes,No,No,,"Six !! What a delivery! fast ball lands right on the off stump,  Razaullah goes back,  exhibits impeccable timing as batter hammers pull sending it flying to the deep square leg region for a remarkable Maximum!"
Pakistan 2nd Inning,75.1,75,1,Josh Tongue,Razaullah,0,no run,No,No,Yes,No,,"Dot ball !! fast ball,  back of length,  on the stumps,  Josh Tongue sends down a delivery outside the stumps,  and Razaullah goes back and watches it closely,  deciding to let ball go to the keeper."
Pakistan 2nd Inning,74.6,74,6,Gus Atkinson,Mohammad Abbas,0,no run,No,No,No,No,,"Dot ball !! fast ball,  yorker,  on the stumps,  Mohammad Abbas goes forward,  dabs defensive shot with soft hands toward mid off,  but the fielder is quick to react,  thwarts the ball."
Pakistan 2nd Inning,74.5,74,5,Gus Atkinson,Mohammad Abbas,0,no run,No,No,No,No,,"Dot ball !! fast ball,  good length,  on the off stump,  goes forward,  plays defensive shot to the short cover."
Pakistan 2nd Inning,74.3,74,3,Gus Atkinson,Mohammad Imran Randhawa,0,no run,No,No,No,No,,"Dot ball !! fast ball,  good length,  on the leg stump,  goes forward,  but decided to leave the ball at last."
Pakistan 2nd Inning,74.2,74,2,Gus Atkinson,Mohammad Imran Randhawa,0,no run,No,No,No,No,,"Dot ball !! fast ball,  full length,  on the off stump,  Mohammad Imran Randhawa goes forward and slash defensive shot towards mid on,  but the fielder reacts promptly and blocks it right away."
Pakistan 2nd Inning,74.1,74,1,Gus Atkinson,Razaullah,1,1 run,No,No,No,No,,"fast ball,  yorker,  on the stumps,  Razaullah hangs in the crease to make a room for himself and hits it towards mid on for 1 run."
Pakistan 2nd Inning,73.6,73,6,Jofra Archer,Mohammad Imran Randhawa,0,no run,No,No,No,No,,"Dot ball !! bouncer,  back of length,  on the stumps,  Mohammad Imran Randhawa goes forward to make a room for himself,  but left it alone for the keeper to collect at the last moment."
Pakistan 2nd Inning,73.5,73,5,Jofra Archer,Mohammad Imran Randhawa,0,no run,No,No,Yes,No,,"Dot ball !! fast ball,  back of length,  on the stumps,  Jofra Archer sends down a delivery outside the stumps,  and Mohammad Imran Randhawa goes forward and watches it closely,  deciding to let ball go to the keeper."
Pakistan 2nd Inning,73.5,73,5,Jofra Archer,Mohammad Imran Randhawa,0,1 no ball,No,No,No,Yes,no_ball,"No ball !! bouncer,  back of length,  on the stumps,  Mohammad Imran Randhawa goes back,  whacks an elegant pull earning,  It's a no ball!! Jofra Archer overstepped the crease."
Pakistan 2nd Inning,73.4,73,4,Jofra Archer,Mohammad Imran Randhawa,0,no run,No,No,No,No,,"Dot ball !! fast ball,  good length,  on the stumps,  Mohammad Imran Randhawa goes forward,  dabs defensive shot with soft hands toward short cover,  but the fielder is quick to react,  thwarts the ball."
Pakistan 2nd Inning,73.3,73,3,Jofra Archer,Mohammad Imran Randhawa,0,no run,No,No,Yes,No,,"Dot ball !! fast ball,  good length,  on the off stump,  Jofra Archer sends down a delivery outside the off stump,  and Mohammad Imran Randhawa goes forward and watches it closely,  deciding to let ball go to the keeper."
Pakistan 2nd Inning,73.2,73,2,Jofra Archer,Mohammad Imran Randhawa,0,no run,No,No,No,No,,Jofra Archer delivers a dot ball as the batter defends safely.
Pakistan 2nd Inning,73.1,73,1,Jofra Archer,Mohammad Imran Randhawa,0,no run,No,No,No,No,,"Dot ball !! fast ball,  good length,  on the stumps,  Mohammad Imran Randhawa hangs in the crease to make a room for himself,  but left it alone for the keeper to collect at the last moment."
Pakistan 2nd Inning,72.6,72,6,Gus Atkinson,Razaullah,0,no run,No,No,Yes,No,,"Dot ball !! bouncer,  back of length,  on the stumps,  Gus Atkinson sends down a delivery outside the stumps,  and Razaullah goes forward and watches it closely,  deciding to let ball go to the keeper."
Pakistan 2nd Inning,72.5,72,5,Gus Atkinson,Razaullah,4,Four,Yes,No,Yes,No,,"Four !! fast ball,  full length,  on the off stump,  Short and well outside the off stump. Razaullah hangs in the crease,  it to the long off,  races away and finds the boundary."
Pakistan 2nd Inning,72.3,72,3,Gus Atkinson,Mohammad Imran Randhawa,1,1 run,No,No,No,No,,"An accurately pitched fast ball on the stumps,  Mohammad Imran Randhawa goes back to make a confident defensive shot,  sending the ball towards deep square leg for 1 run."
Pakistan 2nd Inning,72.2,72,2,Gus Atkinson,Mohammad Imran Randhawa,0,no run,No,No,No,No,,"Dot ball !! fast ball,  good length,  on the stumps,  goes forward,  plays flick shot to the short mid wicket."
Pakistan 2nd Inning,72.1,72,1,Gus Atkinson,Ghazi Ghori,1,1 run,No,No,No,No,,"Ghazi Ghori goes forward to take fast ball of good length aimed on the stumps,  executing a confident defensive shot that sent the ball sailing towards short mid wicket for 1 run."
Pakistan 2nd Inning,71.6,71,6,Jofra Archer,Mohammad Imran Randhawa,0,no run,No,No,No,No,,"Dot Ball !! bouncer,  back of length,  on the stumps,  and Mohammad Imran Randhawa hangs on and tries to hit pull,  but misses it completely as ball beats the bat,  goes to the keeper."
Pakistan 2nd Inning,71.5,71,5,Jofra Archer,Mohammad Imran Randhawa,0,no run,No,No,Yes,No,,"Dot ball !! fast ball,  good length,  on the off stump,  Mohammad Imran Randhawa goes forward to the delivery,  letting it go to the keeper without offering a shot."
Pakistan 2nd Inning,71.4,71,4,Jofra Archer,Mohammad Imran Randhawa,0,no run,No,No,Yes,No,,"Dot ball !! fast ball,  back of length,  on the stumps,  Mohammad Imran Randhawa goes forward to the delivery,  letting it go to the keeper without offering a shot."
Pakistan 2nd Inning,71.3,71,3,Jofra Archer,Mohammad Imran Randhawa,0,no run,No,No,Yes,No,,"Dot ball !! fast ball,  back of length,  on the off stump,  Mohammad Imran Randhawa goes forward to the delivery,  letting it go to the keeper without offering a shot."
Pakistan 2nd Inning,71.2,71,2,Jofra Archer,Mohammad Imran Randhawa,0,no run,No,No,Yes,No,,"Dot Ball !! outswinger,  good length,  on the stumps,  and Mohammad Imran Randhawa hangs on and tries to hit cut,  but misses it completely as ball beats the bat,  goes to the keeper."
Pakistan 2nd Inning,71.1,71,1,Jofra Archer,Mohammad Imran Randhawa,0,no run,No,No,No,No,,"Dot ball !! bouncer,  back of length,  on the stumps,  Mohammad Imran Randhawa goes forward to make a room for himself,  but left it alone for the keeper to collect at the last moment."
Pakistan 2nd Inning,70.6,70,6,Gus Atkinson,Mohammad Imran Randhawa,1,1 run,No,No,No,No,,"Mohammad Imran Randhawa goes forward and plays a well-timed flick shot off an fast ball delivers at a good length by the bowler,  but the ball lands safely in the hands of the fielder at deep square leg for 1 run."
Pakistan 2nd Inning,70.5,70,5,Gus Atkinson,Mohammad Imran Randhawa,0,no run,No,No,Yes,No,,"Dot ball !! bouncer,  back of length,  on the stumps,  Gus Atkinson sends down a delivery outside the stumps,  and Mohammad Imran Randhawa goes forward and watches it closely,  deciding to let ball go to the keeper."
Pakistan 2nd Inning,70.4,70,4,Gus Atkinson,Ghazi Ghori,0,1 leg bye,No,No,No,Yes,leg_bye,"Leg Bye !! inswinger,  good length,  on the leg stump,  Ghazi Ghori goes forward,  aims to slam it,  but deflect off the pads. Batter steals a leg bye for 1 run."
Pakistan 2nd Inning,70.3,70,3,Gus Atkinson,Ghazi Ghori,0,no run,No,No,No,No,,"Dot ball !! inswinger,  good length,  on the stumps,  Ghazi Ghori goes forward and dabs defensive shot with soft hands,  edged!! and the fielder is quick to react and thwarts the ball."
Pakistan 2nd Inning,70.2,70,2,Gus Atkinson,Ghazi Ghori,0,no run,No,No,No,No,,"Dot ball !! inswinger,  good length,  on the off stump,  goes back,  plays defensive shot."
Pakistan 2nd Inning,70.1,70,1,Gus Atkinson,Ghazi Ghori,0,no run,No,No,Yes,No,,"Dot ball !! inswinger,  full length,  on the leg stump,  Ghazi Ghori goes forward to the delivery,  letting it go to the keeper without offering a shot."
Pakistan 2nd Inning,69.6,69,6,Jofra Archer,Mohammad Imran Randhawa,0,no run,No,No,Yes,No,,"Dot ball !! bouncer,  back of length,  on the stumps,  Jofra Archer sends down a delivery outside the stumps,  and Mohammad Imran Randhawa goes forward and watches it closely,  deciding to let ball go to the keeper."
Pakistan 2nd Inning,69.5,69,5,Jofra Archer,Mohammad Imran Randhawa,0,no run,No,No,No,No,,"Dot ball !! fast ball,  good length,  on the stumps,  goes forward,  plays defensive shot to the mid on."
Pakistan 2nd Inning,69.4,69,4,Jofra Archer,Mohammad Imran Randhawa,0,no run,No,No,Yes,No,,"Dot ball !! bouncer,  back of length,  on the off stump,  Jofra Archer sends down a delivery outside the off stump,  and Mohammad Imran Randhawa hangs in the crease and watches it closely,  deciding to let ball go to the keeper."
Pakistan 2nd Inning,69.3,69,3,Jofra Archer,Mohammad Imran Randhawa,2,2 runs,No,No,No,No,,"Mohammad Imran Randhawa goes back to take fast ball of good length aimed on the stumps,  executing a confident push that sent the ball sailing towards deep point for 2 runs."
Pakistan 2nd Inning,69.1,69,1,Jofra Archer,Saud Shakeel,0,no run,No,No,Yes,No,,"Dot ball !! outswinger,  back of length,  on the off stump,  Saud Shakeel goes forward,  trying to hit defensive shot,  but the ball shapes away late,  beats the bat."
Pakistan 2nd Inning,68.6,68,6,Gus Atkinson,Ghazi Ghori,0,no run,No,No,Yes,No,,"Dot ball !! bouncer,  back of length,  on the stumps,  Gus Atkinson sends down a delivery outside the stumps,  and Ghazi Ghori goes back and watches it closely,  deciding to let ball go to the keeper."
Pakistan 2nd Inning,68.5,68,5,Gus Atkinson,Ghazi Ghori,4,Four,Yes,No,No,No,,Gus Atkinson lands this on a good length around off stump. Ghazi Ghori gets on top of it and sends it away to the fence for four.
Pakistan 2nd Inning,68.4,68,4,Gus Atkinson,Ghazi Ghori,0,no run,No,No,Yes,No,,"Dot ball !! bouncer,  back of length,  on the leg stump,  Gus Atkinson sends down a delivery outside the leg stump,  and Ghazi Ghori goes back and watches it closely,  deciding to let ball go to the keeper."
Pakistan 2nd Inning,68.3,68,3,Gus Atkinson,Ghazi Ghori,0,no run,No,No,No,No,,"Dot ball !! fast ball,  good length,  on the off stump,  Ghazi Ghori goes forward,  dabs defensive shot with soft hands toward short cover,  but the fielder is quick to react,  thwarts the ball."
Pakistan 2nd Inning,68.2,68,2,Gus Atkinson,Ghazi Ghori,0,no run,No,No,Yes,No,,"Dot ball !! fast ball,  full length,  on the off stump,  Gus Atkinson sends down a delivery outside the off stump,  and Ghazi Ghori goes forward and watches it closely,  deciding to let ball go to the keeper."
Pakistan 2nd Inning,68.1,68,1,Gus Atkinson,Ghazi Ghori,0,no run,No,No,No,No,,"Dot ball !! fast ball,  good length,  on the off stump,  goes forward,  plays defensive shot to the mid on."
Pakistan 2nd Inning,67.6,67,6,Jofra Archer,Saud Shakeel,0,no run,No,No,No,No,,"Dot ball !! ,  back of length,  on the off stump,  Jofra Archer sends down a sharp delivery,  Saud Shakeel goes back to defend it,  but mistimes the shot,  beats the bat,  leaving the batter confused."
Pakistan 2nd Inning,67.5,67,5,Jofra Archer,Ghazi Ghori,1,1 run,No,No,No,No,,"An accurately pitched fast ball on the stumps,  Ghazi Ghori goes forward to make a confident push,  sending the ball towards short mid wicket for 1 run."
Pakistan 2nd Inning,67.4,67,4,Jofra Archer,Ghazi Ghori,0,no run,No,No,No,No,,"Dot ball !! bouncer,  back of length,  on the leg stump,  Jofra Archer sends down a sharp delivery,  Ghazi Ghori goes back to defend it,  but mistimes the shot,  beats the bat,  leaving the batter confused."
Pakistan 2nd Inning,67.3,67,3,Jofra Archer,Ghazi Ghori,4,Four,Yes,No,No,No,,"Four !! bouncer,  back of length,  on the stumps. Ghazi Ghori goes back,  hits pull in the gap towards deep square leg,  and ball finds the ropes in a flash for four."
Pakistan 2nd Inning,67.2,67,2,Jofra Archer,Ghazi Ghori,0,no run,No,No,No,No,,"Dot ball !! fast ball,  good length,  on the leg stump,  Jofra Archer sends down a sharp delivery,  Ghazi Ghori goes forward to defend it,  but mistimes the shot,  beats the bat,  leaving the batter confused."
Pakistan 2nd Inning,67.1,67,1,Jofra Archer,Ghazi Ghori,0,no run,No,No,No,No,,"Dot ball !! fast ball,  back of length,  on the leg stump,  Ghazi Ghori goes back to the delivery,  tries to defend it with full face of the bat,  but the ball jags away at the last moment,  beating the bat."
Pakistan 2nd Inning,66.6,66,6,Ollie Robinson,Saud Shakeel,0,no run,No,No,No,No,,"Dot ball !! fast ball,  good length,  on the off stump,  goes forward,  but decided to leave the ball at last."
Pakistan 2nd Inning,66.5,66,5,Ollie Robinson,Saud Shakeel,0,no run,No,No,Yes,No,,"Dot ball !! fast ball,  good length,  on the off stump,  Ollie Robinson sends down a delivery outside the off stump,  and Saud Shakeel hangs in the crease and watches it closely,  deciding to let ball go to the keeper."
Pakistan 2nd Inning,66.4,66,4,Ollie Robinson,Saud Shakeel,0,no run,No,No,No,No,,"Dot ball !! fast ball,  good length,  on the off stump,  goes forward,  plays defensive shot to the point."
Pakistan 2nd Inning,66.3,66,3,Ollie Robinson,Saud Shakeel,0,no run,No,No,No,No,,"Dot ball !! fast ball,  good length,  on the off stump,  hangs in the crease,  but decided to leave the ball at last."
Pakistan 2nd Inning,66.2,66,2,Ollie Robinson,Saud Shakeel,0,no run,No,No,Yes,No,,"Dot ball !! fast ball,  good length,  on the off stump,  Saud Shakeel hangs in the crease to the delivery,  letting it go to the keeper without offering a shot."
Pakistan 2nd Inning,66.1,66,1,Ollie Robinson,Ghazi Ghori,1,1 run,No,No,No,No,,"Ollie Robinson lands this on a good length around off stump, and it is pushed into the gap for one."
Pakistan 2nd Inning,65.6,65,6,Jofra Archer,Saud Shakeel,0,no run,No,No,Yes,No,,"Dot ball !! bouncer,  good length,  on the off stump,  Saud Shakeel hangs in the crease to the delivery,  letting it go to the keeper without offering a shot."
Pakistan 2nd Inning,65.5,65,5,Jofra Archer,Saud Shakeel,0,no run,No,No,No,No,,"Dot ball !! bouncer,  back of length,  on the stumps,  Saud Shakeel hangs in the crease to make a room for himself,  but left it alone for the keeper to collect at the last moment."
Pakistan 2nd Inning,65.4,65,4,Jofra Archer,Saud Shakeel,0,no run,No,No,No,No,,"Dot ball !! bouncer,  back of length,  on the off stump,  Saud Shakeel goes forward to make a room for himself,  but left it alone for the keeper to collect at the last moment."
Pakistan 2nd Inning,65.3,65,3,Jofra Archer,Saud Shakeel,2,2 runs,No,No,No,No,,"Jofra Archer attacks the stumps from a back of a length, and the batter works it away for two runs."
Pakistan 2nd Inning,65.2,65,2,Jofra Archer,Ghazi Ghori,1,1 run,No,No,No,No,,"fast ball,  back of length,  on the stumps,  Ghazi Ghori goes forward and chunks it towards the deep square leg for 1 run."
Pakistan 2nd Inning,65.1,65,1,Jofra Archer,Saud Shakeel,1,1 run,No,No,Yes,No,,"Jofra Archer lands it back of a length outside off stump, worked away for one."
Pakistan 2nd Inning,64.6,64,6,Ollie Robinson,Ghazi Ghori,0,no run,No,No,No,No,,"Dot ball !! fast ball,  full length,  on the off stump,  Ghazi Ghori goes forward and slash defensive shot towards mid on,  but the fielder reacts promptly and blocks it right away."
Pakistan 2nd Inning,64.5,64,5,Ollie Robinson,Ghazi Ghori,0,no run,No,No,No,No,,"Dot ball !! fast ball,  good length,  on the stumps,  Ghazi Ghori goes forward,  tucks defensive shot toward the fielder at short mid wicket,  who halts the ball."
Pakistan 2nd Inning,64.4,64,4,Ollie Robinson,Ghazi Ghori,0,no run,No,No,No,No,,"Dot ball !! fast ball,  good length,  on the off stump,  goes forward,  plays defensive shot."
Pakistan 2nd Inning,64.3,64,3,Ollie Robinson,Ghazi Ghori,0,4 bye,Yes,No,No,Yes,bye,Ollie Robinson lands a good-length delivery down the leg side that beats everyone and runs away for four byes.
Pakistan 2nd Inning,64.2,64,2,Ollie Robinson,Ghazi Ghori,0,no run,No,No,No,No,,"Dot ball !! fast ball,  good length,  on the off stump,  goes forward,  plays defensive shot to the short cover."
Pakistan 2nd Inning,64.1,64,1,Ollie Robinson,Ghazi Ghori,2,2 runs,No,No,No,No,,"Ghazi Ghori goes forward and plays a well-timed cut off an fast ball delivers at a good length by the bowler,  but the ball lands safely in the hands of the fielder at deep point for 2 runs."
Pakistan 2nd Inning,63.6,63,6,Jofra Archer,Saud Shakeel,2,2 runs,No,No,No,No,,"An accurately pitched bouncer on the off stump,  Saud Shakeel goes forward to make a confident pull,  sending the ball towards long off for 2 runs."
Pakistan 2nd Inning,63.5,63,5,Jofra Archer,Saud Shakeel,0,no run,No,No,No,No,,"Good length delivery targeting the leg stump from Jofra Archer, and the batter defends it away for no run."
Pakistan 2nd Inning,63.4,63,4,Jofra Archer,Saud Shakeel,4,Four,Yes,No,No,No,,"Four !! fast ball,  back of length,  on the off stump. Saud Shakeel goes forward,  hits pull in the gap towards deep mid wicket,  and ball finds the ropes in a flash for four."
Pakistan 2nd Inning,63.3,63,3,Jofra Archer,Saud Shakeel,0,no run,No,No,Yes,No,,"Dot ball !! bouncer,  back of length,  on the off stump,  Saud Shakeel goes forward to the delivery,  letting it go to the keeper without offering a shot."
Pakistan 2nd Inning,63.2,63,2,Jofra Archer,Saud Shakeel,0,no run,No,No,No,No,,"Dot ball !! fast ball,  back of length,  on the stumps,  Saud Shakeel goes forward to make a room for himself,  but left it alone for the keeper to collect at the last moment."
Pakistan 2nd Inning,63.1,63,1,Jofra Archer,Ghazi Ghori,1,1 run,No,No,No,No,,"Ghazi Ghori goes forward and plays a well-timed drive off an fast ball delivers at a back of length by the bowler,  but the ball lands safely in the hands of the fielder at short cover for 1 run."
Pakistan 2nd Inning,62.6,62,6,Josh Tongue,Saud Shakeel,0,no run,No,No,No,No,,"Josh Tongue lands it back of a length on the stumps, and the batter defends solidly."
Pakistan 2nd Inning,62.5,62,5,Josh Tongue,Saud Shakeel,0,no run,No,No,Yes,No,,"Dot ball !! fast ball,  good length,  on the leg stump,  Josh Tongue sends down a delivery outside the leg stump,  and Saud Shakeel goes forward and watches it closely,  deciding to let ball go to the keeper."
Pakistan 2nd Inning,62.4,62,4,Josh Tongue,Ghazi Ghori,1,1 run,No,No,No,No,,"Josh Tongue delivers fast ball at full length,  Ghazi Ghori goes forward and tucks it. But the ball is stopped by the fielder standing at the third man,  limits Ghazi Ghori to just 1 run."
Pakistan 2nd Inning,62.2,62,2,Josh Tongue,Babar Azam,0,no run,No,No,Yes,No,,"Josh Tongue lands it back of a length outside off stump, and the batter lets it pass harmlessly through."
Pakistan 2nd Inning,62.1,62,1,Josh Tongue,Babar Azam,0,no run,No,No,No,No,,"Dot ball !! bouncer,  back of length,  on the off stump,  Babar Azam goes forward and slash defensive shot towards short mid wicket,  but the fielder reacts promptly and blocks it right away."
Pakistan 2nd Inning,61.6,61,6,Jofra Archer,Saud Shakeel,0,no run,No,No,No,No,,"Dot ball !! fast ball,  good length,  on the off stump,  hangs in the crease,  tries to play but misses to get the bat on it."
Pakistan 2nd Inning,61.5,61,5,Jofra Archer,Saud Shakeel,0,no run,No,No,Yes,No,,"Dot ball !! bouncer,  back of length,  on the off stump,  Saud Shakeel goes forward to the delivery,  letting it go to the keeper without offering a shot."
Pakistan 2nd Inning,61.4,61,4,Jofra Archer,Babar Azam,1,1 run,No,No,No,No,,"Babar Azam goes forward and plays a well-timed pull off an fast ball delivers at a back of length by the bowler,  but the ball lands safely in the hands of the fielder at deep mid wicket for 1 run."
Pakistan 2nd Inning,61.3,61,3,Jofra Archer,Babar Azam,6,Six,No,Yes,No,No,,"Six !! What a delivery! bouncer lands right on the off stump,  Babar Azam goes forward,  exhibits impeccable timing as batter hammers pull sending it flying to the third man region for a remarkable Maximum!"
Pakistan 2nd Inning,61.2,61,2,Jofra Archer,Babar Azam,4,Four,Yes,No,No,No,,"Four !! bouncer,  back of length,  on the stumps,  Babar Azam goes forward and caresses pull to deep square leg,  it raced away to the fence for four."
Pakistan 2nd Inning,61.1,61,1,Jofra Archer,Babar Azam,0,no run,No,No,No,No,,Jofra Archer lands it on a good length around off stump. The batter gets behind the line to block.
Pakistan 2nd Inning,60.6,60,6,Josh Tongue,Saud Shakeel,0,no run,No,No,No,No,,"Dot ball !! fast ball,  good length,  on the stumps,  Saud Shakeel goes forward and slash defensive shot towards short cover,  but the fielder reacts promptly and blocks it right away."
Pakistan 2nd Inning,60.5,60,5,Josh Tongue,Saud Shakeel,0,no run,No,No,No,No,,"Dot ball !! bouncer,  good length,  on the leg stump,  hangs in the crease,  but decided to leave the ball at last."
Pakistan 2nd Inning,60.4,60,4,Josh Tongue,Saud Shakeel,0,no run,No,No,Yes,No,,"Dot ball !! bouncer,  back of length,  on the stumps,  Josh Tongue sends down a delivery outside the stumps,  and Saud Shakeel hangs in the crease and watches it closely,  deciding to let ball go to the keeper."
Pakistan 2nd Inning,60.3,60,3,Josh Tongue,Babar Azam,1,1 run,No,No,No,No,,"An accurately pitched fast ball on the off stump,  Babar Azam goes forward to make a confident pull,  sending the ball towards deep square leg for 1 run."
Pakistan 2nd Inning,60.2,60,2,Josh Tongue,Babar Azam,0,no run,No,No,No,No,,"Dot ball !! fast ball,  back of length,  on the stumps,  hangs in the crease,  tries to play but misses to get the bat on it."
Pakistan 2nd Inning,60.1,60,1,Josh Tongue,Babar Azam,0,no run,No,No,No,No,,"Dot ball !! fast ball,  back of length,  on the stumps,  Josh Tongue bowls a sharp delivery,  and Babar Azam hangs in the crease to defend the ball,  but the ball nips away and beats the bat,  leaving the batter stranded."
Pakistan 2nd Inning,59.6,59,6,Jofra Archer,Saud Shakeel,0,no run,No,No,No,No,,"Jofra Archer lands it on a good length around off stump, and the batter defends safely."
Pakistan 2nd Inning,59.5,59,5,Jofra Archer,Saud Shakeel,0,no run,No,No,No,No,,"Dot ball !! fast ball,  good length,  on the off stump,  Saud Shakeel goes forward,  tucks defensive shot toward the fielder at short mid wicket,  who halts the ball."
Pakistan 2nd Inning,59.4,59,4,Jofra Archer,Saud Shakeel,0,no run,No,No,No,No,,"Jofra Archer lands it on a good length around off stump, and the batter defends solidly."
Pakistan 2nd Inning,59.3,59,3,Jofra Archer,Saud Shakeel,0,no run,No,No,No,No,,"Dot ball !! fast ball,  back of length,  on the off stump,  goes forward,  plays defensive shot to the point."
Pakistan 2nd Inning,59.2,59,2,Jofra Archer,Saud Shakeel,0,no run,No,No,No,No,,"Dot ball !! fast ball,  good length,  on the stumps,  goes forward,  plays defensive shot to the short cover."
Pakistan 2nd Inning,59.1,59,1,Jofra Archer,Saud Shakeel,2,2 runs,No,No,No,No,,"Saud Shakeel goes forward and plays a well-timed defensive shot off an fast ball delivers at a full length by the bowler,  but the ball lands safely in the hands of the fielder at deep cover for 2 runs."
Pakistan 2nd Inning,58.6,58,6,Josh Tongue,Babar Azam,0,no run,No,No,No,No,,Josh Tongue finishes the over with a dot as the batter defends safely. That brings up the fifty partnership between the pair.
Pakistan 2nd Inning,58.5,58,5,Josh Tongue,Babar Azam,4,Four,Yes,No,No,No,,"Four !! fast ball,  good length,  on the off stump,  Babar Azam hangs in the crease and caresses drive to deep mid wicket,  it raced away to the fence for four."
Pakistan 2nd Inning,58.4,58,4,Josh Tongue,Saud Shakeel,1,1 run,No,No,No,No,,Josh Tongue concedes a single as the batter works it away to rotate the strike.
Pakistan 2nd Inning,58.3,58,3,Josh Tongue,Saud Shakeel,0,no run,No,No,No,No,,"Dot ball !! bouncer,  good length,  on the stumps,  Saud Shakeel goes forward and slash defensive shot towards short mid wicket,  but the fielder reacts promptly and blocks it right away."
Pakistan 2nd Inning,58.2,58,2,Josh Tongue,Saud Shakeel,2,2 runs,No,No,No,No,,"Josh Tongue delivers fast ball at back of length,  Saud Shakeel goes forward and tucks it. But the ball is stopped by the fielder standing at the deep cover,  limits Saud Shakeel to just 2 runs."
Pakistan 2nd Inning,58.1,58,1,Josh Tongue,Saud Shakeel,0,no run,No,No,No,No,,"Josh Tongue lands a good length delivery on off stump, defended safely for no run."
Pakistan 2nd Inning,57.6,57,6,Jofra Archer,Babar Azam,0,no run,No,No,No,No,,"Dot ball !! fast ball,  good length,  on the leg stump,  Babar Azam goes forward to the delivery,  tries to defend it with full face of the bat,  but the ball jags away at the last moment,  beating the bat."
Pakistan 2nd Inning,57.5,57,5,Jofra Archer,Babar Azam,0,no run,No,No,No,No,,"Dot ball !! fast ball,  full length,  on the off stump,  Babar Azam goes forward to the delivery,  tries to defend it with full face of the bat,  but the ball jags away at the last moment,  beating the bat."
Pakistan 2nd Inning,57.4,57,4,Jofra Archer,Babar Azam,2,2 runs,No,No,No,No,,"Babar Azam goes forward and plays a well-timed drive off an fast ball delivers at a good length by the bowler,  but the ball lands safely in the hands of the fielder at deep square leg for 2 runs."
Pakistan 2nd Inning,57.3,57,3,Jofra Archer,Babar Azam,4,Four,Yes,No,No,No,,"Four !! fast ball,  back of length,  on the stumps. Babar Azam goes forward,  hits cut in the gap towards third man,  and ball finds the ropes in a flash for four."
Pakistan 2nd Inning,57.2,57,2,Jofra Archer,Babar Azam,0,no run,No,No,No,No,,"Dot ball !! fast ball,  full length,  on the off stump,  Babar Azam goes forward,  tucks defensive shot toward the fielder at short cover,  who halts the ball."
Pakistan 2nd Inning,57.1,57,1,Jofra Archer,Saud Shakeel,1,1 run,No,No,No,No,,"Saud Shakeel goes forward and plays a well-timed push off an bouncer delivers at a back of length by the bowler,  but the ball lands safely in the hands of the fielder at deep square leg for 1 run."
Pakistan 2nd Inning,56.6,56,6,Josh Tongue,Babar Azam,0,no run,No,No,No,No,,"Josh Tongue lands a good-length delivery on leg stump, and the batter is unable to find a run."
Pakistan 2nd Inning,56.5,56,5,Josh Tongue,Babar Azam,0,no run,No,No,No,No,,"Dot ball !! fast ball,  good length,  on the off stump,  goes forward,  plays defensive shot to the point."
Pakistan 2nd Inning,56.4,56,4,Josh Tongue,Babar Azam,0,no run,No,No,No,No,,"Dot ball !! fast ball,  good length,  on the off stump,  Babar Azam goes forward,  dabs defensive shot with soft hands toward mid off,  but the fielder is quick to react,  thwarts the ball."
Pakistan 2nd Inning,56.3,56,3,Josh Tongue,Babar Azam,0,no run,No,No,No,No,,"Dot ball !! fast ball,  good length,  on the off stump,  hangs in the crease,  plays defensive shot to the slip."
Pakistan 2nd Inning,56.2,56,2,Josh Tongue,Babar Azam,2,2 runs,No,No,No,No,,"Babar Azam goes forward to take fast ball of good length aimed on the stumps,  executing a confident drive that sent the ball sailing towards deep mid wicket for 2 runs."
Pakistan 2nd Inning,56.1,56,1,Josh Tongue,Babar Azam,0,no run,No,No,No,No,,"Dot ball !! fast ball,  good length,  on the stumps,  goes forward,  plays defensive shot to the short cover."
Pakistan 2nd Inning,55.6,55,6,Gus Atkinson,Saud Shakeel,0,no run,No,No,No,No,,"Dot ball !! fast ball,  full length,  on the off stump,  Saud Shakeel hangs in the crease,  tucks defensive shot toward the fielder at short cover,  who halts the ball."
Pakistan 2nd Inning,55.5,55,5,Gus Atkinson,Saud Shakeel,0,no run,No,No,No,No,,"Dot ball !! fast ball,  full length,  on the off stump,  Saud Shakeel goes forward,  tucks defensive shot toward the fielder at short mid wicket,  who halts the ball."
Pakistan 2nd Inning,55.4,55,4,Gus Atkinson,Babar Azam,1,1 run,No,No,No,No,,"Gus Atkinson lands it back of a length on the stumps, and the batter works it away for one."
Pakistan 2nd Inning,55.3,55,3,Gus Atkinson,Babar Azam,0,no run,No,No,No,No,,"Dot ball !! fast ball,  good length,  on the off stump,  Babar Azam goes forward,  tucks defensive shot toward the fielder at point,  who halts the ball."
Pakistan 2nd Inning,55.2,55,2,Gus Atkinson,Babar Azam,0,no run,No,No,No,No,,"Dot ball !! fast ball,  full length,  on the off stump,  Babar Azam goes forward,  tucks defensive shot toward the fielder at short cover,  who halts the ball."
Pakistan 2nd Inning,55.1,55,1,Gus Atkinson,Saud Shakeel,0,1 leg bye,No,No,No,Yes,leg_bye,"Leg Bye !! fast ball,  good length,  on the leg stump,  Saud Shakeel goes forward,  aims to slam it,  but deflect off the pads. Batter steals a leg bye for 1 run."
Pakistan 2nd Inning,54.6,54,6,Josh Tongue,Saud Shakeel,1,1 run,No,No,No,No,,"Saud Shakeel goes forward and plays a well-timed drive off an fast ball delivers at a good length by the bowler,  but the ball lands safely in the hands of the fielder at deep square leg for 1 run."
Pakistan 2nd Inning,54.5,54,5,Josh Tongue,Babar Azam,1,1 run,No,No,No,No,,"Josh Tongue lands it on a good length around off stump, and it is worked away for one run."
Pakistan 2nd Inning,54.4,54,4,Josh Tongue,Saud Shakeel,1,1 run,No,No,No,No,,"fast ball,  full length,  on the stumps,  hangs in the crease,  plays flick shot,  towards the deep mid wicket for 1 run."
Pakistan 2nd Inning,54.3,54,3,Josh Tongue,Saud Shakeel,0,no run,No,No,No,No,,Josh Tongue runs in and delivers a dot ball as the batter defends safely.
Pakistan 2nd Inning,54.2,54,2,Josh Tongue,Saud Shakeel,0,4 leg bye,No,No,No,Yes,leg_bye,"Leg Bye !! fast ball,  back of length,  on the stumps,  Saud Shakeel goes forward,  swats it,  but the ball slides off the body,  batter is quick to avail this leg bye for 4 runs."
Pakistan 2nd Inning,54.1,54,1,Josh Tongue,Saud Shakeel,4,Four,Yes,No,No,No,,"Four !! fast ball,  full length,  on the off stump. Saud Shakeel goes forward,  hits drive in the gap towards deep cover,  and ball finds the ropes in a flash for four."
Pakistan 2nd Inning,53.6,53,6,Gus Atkinson,Babar Azam,2,2 runs,No,No,No,No,,"Gus Atkinson lands a good length delivery on off stump, and they work it away to collect two runs."
Pakistan 2nd Inning,53.5,53,5,Gus Atkinson,Babar Azam,0,no run,No,No,No,No,,"Dot ball !! fast ball,  good length,  on the stumps,  goes forward,  plays defensive shot to the short mid wicket."
Pakistan 2nd Inning,53.4,53,4,Gus Atkinson,Babar Azam,0,no run,No,No,No,No,,"Dot ball !! fast ball,  good length,  on the off stump,  Babar Azam goes forward,  dabs defensive shot with soft hands toward short cover,  but the fielder is quick to react,  thwarts the ball."
Pakistan 2nd Inning,53.3,53,3,Gus Atkinson,Babar Azam,0,no run,No,No,No,No,,"Dot ball !! fast ball,  full length,  on the off stump,  Babar Azam goes forward,  tucks defensive shot toward the fielder at mid off,  who halts the ball."
Pakistan 2nd Inning,53.2,53,2,Gus Atkinson,Babar Azam,0,no run,No,No,No,No,,Gus Atkinson delivers a solid dot ball as the batter blocks it safely.
Pakistan 2nd Inning,53.1,53,1,Gus Atkinson,Babar Azam,0,no run,No,No,No,No,,"Dot ball !! fast ball,  good length,  on the off stump,  Babar Azam goes forward,  dabs defensive shot with soft hands toward slip,  but the fielder is quick to react,  thwarts the ball."
Pakistan 2nd Inning,52.6,52,6,Josh Tongue,Saud Shakeel,0,no run,No,No,No,No,,Josh Tongue lands a good length delivery on the stumps. He defends it safely to finish the over.
Pakistan 2nd Inning,52.5,52,5,Josh Tongue,Saud Shakeel,0,no run,No,No,No,No,,"Dot ball !! fast ball,  good length,  on the stumps,  Saud Shakeel goes forward,  tucks defensive shot toward the fielder at mid on,  who halts the ball."
Pakistan 2nd Inning,52.4,52,4,Josh Tongue,Saud Shakeel,4,Four,Yes,No,No,No,,"Four !! fast ball,  full length,  on the off stump. Saud Shakeel goes forward,  hits drive in the gap towards deep cover,  and ball finds the ropes in a flash for four."
Pakistan 2nd Inning,52.3,52,3,Josh Tongue,Saud Shakeel,0,no run,No,No,No,No,,"Dot ball !! fast ball,  good length,  on the off stump,  Saud Shakeel goes forward,  tucks defensive shot toward the fielder at mid off,  who halts the ball."
Pakistan 2nd Inning,52.2,52,2,Josh Tongue,Saud Shakeel,0,no run,No,No,No,No,,"Dot ball !! fast ball,  good length,  on the off stump,  hangs in the crease,  tries to play but misses to get the bat on it."
Pakistan 2nd Inning,52.1,52,1,Josh Tongue,Saud Shakeel,0,no run,No,No,No,No,,Josh Tongue begins the over tightly as the batter defends with no run taken.
Pakistan 2nd Inning,51.6,51,6,Gus Atkinson,Babar Azam,0,no run,No,No,No,No,,"Dot ball !! fast ball,  good length,  on the off stump,  hangs in the crease,  but decided to leave the ball at last."
Pakistan 2nd Inning,51.5,51,5,Gus Atkinson,Babar Azam,4,Four,Yes,No,No,No,,"Four !! fast ball,  back of length,  on the off stump,  Babar Azam goes forward,  plays cut in the air to third man. Ball finds the ropes for four."
Pakistan 2nd Inning,51.4,51,4,Gus Atkinson,Babar Azam,0,no run,No,No,Yes,No,,"Dot ball !! bouncer,  good length,  on the off stump,  Gus Atkinson sends down a delivery outside the off stump,  and Babar Azam goes forward and watches it closely,  deciding to let ball go to the keeper."
Pakistan 2nd Inning,51.3,51,3,Gus Atkinson,Babar Azam,2,2 runs,No,No,No,No,,"Gus Atkinson delivers fast ball at full length,  Babar Azam goes forward and tucks it. But the ball is stopped by the fielder standing at the deep mid wicket,  limits Babar Azam to just 2 runs."
Pakistan 2nd Inning,51.2,51,2,Gus Atkinson,Saud Shakeel,1,1 run,No,No,Yes,No,,"Back of a length outside off from Gus Atkinson, and he works it away to rotate the strike with one run."
Pakistan 2nd Inning,51.1,51,1,Gus Atkinson,Babar Azam,0,1 leg bye,No,No,No,Yes,leg_bye,"Leg Bye !! fast ball,  back of length,  on the stumps,  Babar Azam goes forward,  swats it,  but the ball slides off the body,  batter is quick to avail this leg bye for 1 run."
Pakistan 2nd Inning,50.6,50,6,Ollie Robinson,Saud Shakeel,0,no run,No,No,No,No,,"Dot ball !! fast ball,  good length,  on the off stump,  Saud Shakeel goes forward,  tucks defensive shot toward the fielder at mid off,  who halts the ball."
Pakistan 2nd Inning,50.5,50,5,Ollie Robinson,Saud Shakeel,0,no run,No,No,No,No,,"Dot ball !! fast ball,  full length,  on the off stump,  goes forward,  plays defensive shot to the short cover."
Pakistan 2nd Inning,50.4,50,4,Ollie Robinson,Saud Shakeel,0,no run,No,No,Yes,No,,"Dot ball !! fast ball,  full length,  on the off stump,  Ollie Robinson sends down a delivery outside the off stump,  and Saud Shakeel goes forward and watches it closely,  deciding to let ball go to the keeper."
Pakistan 2nd Inning,50.3,50,3,Ollie Robinson,Saud Shakeel,0,no run,No,No,No,No,,"Dot ball !! fast ball, good length,  on the off stump,  Saud Shakeel goes forward and tucks defensive shot toward the fielder,  who halts the ball."
Pakistan 2nd Inning,50.2,50,2,Ollie Robinson,Saud Shakeel,0,no run,No,No,No,No,,"Dot ball !! fast ball,  good length,  on the off stump,  Saud Shakeel goes forward and slash defensive shot towards mid off,  but the fielder reacts promptly and blocks it right away."
Pakistan 2nd Inning,50.1,50,1,Ollie Robinson,Saud Shakeel,0,no run,No,No,No,No,,"Dot ball !! fast ball,  full length,  on the off stump,  Ollie Robinson sends down a sharp delivery,  Saud Shakeel goes forward to defend it,  but mistimes the shot,  beats the bat,  leaving the batter confused."
Pakistan 2nd Inning,49.6,49,6,Gus Atkinson,Babar Azam,4,Four,Yes,No,No,No,,"Four !! fast ball,  full length,  on the stumps,  Babar Azam elegantly goes forward into the shot,  gracefully guides it to long on region,  the ball speeds away and finds the boundary rope."
Pakistan 2nd Inning,49.5,49,5,Gus Atkinson,Babar Azam,0,no run,No,No,No,No,,"Dot ball !! fast ball,  full length,  on the off stump,  Babar Azam goes forward,  tucks defensive shot toward the fielder at short cover,  who halts the ball."
Pakistan 2nd Inning,49.4,49,4,Gus Atkinson,Saud Shakeel,3,3 runs,No,No,Yes,No,,"Saud Shakeel goes forward to take outswinger of good length aimed on the off stump,  executing a textbook defensive shot,  edged!! and the ball sails towards deep point for 3 runs."
Pakistan 2nd Inning,49.3,49,3,Gus Atkinson,Saud Shakeel,0,no run,No,No,No,No,,"Dot ball !! fast ball,  good length,  on the stumps,  Saud Shakeel goes forward,  tucks defensive shot toward the fielder at short mid wicket,  who halts the ball."
Pakistan 2nd Inning,49.1,49,1,Gus Atkinson,Shan Masood,0,no run,No,No,No,No,,"Dot ball !! fast ball,  good length,  on the off stump,  Gus Atkinson sends down a sharp delivery,  Shan Masood goes forward to defend it,  but mistimes the shot,  beats the bat,  leaving the batter confused."
Pakistan 2nd Inning,48.6,48,6,Ollie Robinson,Babar Azam,0,no run,No,No,No,No,,Ollie Robinson lands this on a good length around off stump. The batter defends it into the pitch for no run.
Pakistan 2nd Inning,48.5,48,5,Ollie Robinson,Babar Azam,0,no run,No,No,No,No,,"Dot ball !! fast ball,  good length,  on the off stump,  Ollie Robinson sends down a sharp delivery,  Babar Azam goes forward to defend it,  but mistimes the shot,  beats the bat,  leaving the batter confused."
Pakistan 2nd Inning,48.4,48,4,Ollie Robinson,Babar Azam,0,no run,No,No,Yes,No,,"Dot ball !! fast ball,  good length,  on the off stump,  Babar Azam hangs in the crease to the delivery,  letting it go to the keeper without offering a shot."
Pakistan 2nd Inning,48.3,48,3,Ollie Robinson,Shan Masood,0,1 leg bye,No,No,No,Yes,leg_bye,"Leg Bye !! fast ball,  good length,  on the leg stump,  Shan Masood goes forward,  aims to play it,  but ball direclty brushes against the body. Batter snatch 1 runs off leg bye."
Pakistan 2nd Inning,48.2,48,2,Ollie Robinson,Shan Masood,0,no run,No,No,No,No,,Ollie Robinson lands this on a good length around leg stump. The batter turns it away safely with no run taken.
Pakistan 2nd Inning,48.1,48,1,Ollie Robinson,Shan Masood,0,no run,No,No,No,No,,"Dot ball !! fast ball,  good length,  on the stumps,  Shan Masood goes forward,  tucks defensive shot toward the fielder at short mid wicket,  who halts the ball."
Pakistan 2nd Inning,47.6,47,6,Gus Atkinson,Babar Azam,0,no run,No,No,No,No,,"Dot ball !! fast ball,  good length,  on the off stump,  Babar Azam goes forward,  dabs defensive shot with soft hands toward short cover,  but the fielder is quick to react,  thwarts the ball."
Pakistan 2nd Inning,47.5,47,5,Gus Atkinson,Babar Azam,4,Four,Yes,No,No,No,,"Four !! bouncer,  back of length,  on the off stump,  Babar Azam goes forward and caresses push to deep point,  it raced away to the fence for four."
Pakistan 2nd Inning,47.4,47,4,Gus Atkinson,Shan Masood,1,1 run,No,No,No,No,,"Gus Atkinson delivers fast ball at good length,  Shan Masood goes forward and plays the shot,  but the ball goes straight to the fielder at point for 1 run."
Pakistan 2nd Inning,47.3,47,3,Gus Atkinson,Shan Masood,0,no run,No,No,Yes,No,,Gus Atkinson bowls on a good length around off stump. It is kept out safely for no run.
Pakistan 2nd Inning,47.2,47,2,Gus Atkinson,Shan Masood,0,no run,No,No,No,No,,"Dot ball !! fast ball,  good length,  on the off stump,  goes forward,  plays defensive shot to the short mid wicket."
Pakistan 2nd Inning,47.1,47,1,Gus Atkinson,Shan Masood,2,2 runs,No,No,No,No,,"Shan Masood goes forward to take fast ball of yorker aimed on the off stump,  executing a confident cut that sent the ball sailing towards deep fine leg for 2 runs."
Pakistan 2nd Inning,46.6,46,6,Ollie Robinson,Babar Azam,0,no run,No,No,No,No,,Ollie Robinson delivers a tidy dot ball to finish off the over.
Pakistan 2nd Inning,46.5,46,5,Ollie Robinson,Babar Azam,0,no run,No,No,No,No,,Ollie Robinson runs in and delivers another dot ball as the batter defends safely.
Pakistan 2nd Inning,46.4,46,4,Ollie Robinson,Babar Azam,0,no run,No,No,Yes,No,,"Dot ball !! fast ball,  good length,  on the off stump,  Ollie Robinson sends down a delivery outside the off stump,  and Babar Azam hangs in the crease and watches it closely,  deciding to let ball go to the keeper."
Pakistan 2nd Inning,46.3,46,3,Ollie Robinson,Babar Azam,0,no run,No,No,No,No,,"Dot ball !! fast ball,  full length,  on the stumps,  goes forward,  plays flick shot to the short mid wicket."
Pakistan 2nd Inning,46.2,46,2,Ollie Robinson,Shan Masood,1,1 run,No,No,No,No,,"An accurately pitched bouncer on the stumps,  Shan Masood hangs in the crease to make a confident defensive shot,  sending the ball towards deep mid wicket for 1 run."
Pakistan 2nd Inning,46.1,46,1,Ollie Robinson,Shan Masood,4,Four,Yes,No,No,No,,"Four !! fast ball,  good length,  on the off stump. Shan Masood hangs in the crease and tries defensive shot,  edged!! in the gap towards third man,  and ball finds the ropes in a flash for four."
Pakistan 2nd Inning,45.6,45,6,Gus Atkinson,Babar Azam,0,no run,No,No,Yes,No,,"Dot ball !! outswinger,  full length,  on the off stump,  Babar Azam goes forward and slash defensive shot towards short cover,  but the fielder reacts promptly and blocks it right away."
Pakistan 2nd Inning,45.5,45,5,Gus Atkinson,Babar Azam,0,no run,No,No,Yes,No,,"Dot ball !! fast ball,  back of length,  on the off stump,  Gus Atkinson sends down a delivery outside the off stump,  and Babar Azam goes forward and watches it closely,  deciding to let ball go to the keeper."
Pakistan 2nd Inning,45.4,45,4,Gus Atkinson,Babar Azam,0,no run,No,No,No,No,,"Dot ball !! fast ball,  good length,  on the stumps,  Babar Azam goes forward,  tucks defensive shot toward the fielder at short cover,  who halts the ball."
Pakistan 2nd Inning,45.3,45,3,Gus Atkinson,Babar Azam,0,no run,No,No,Yes,No,,"Dot ball !! outswinger,  full length,  on the off stump,  Babar Azam goes forward and strives to hit drive,  aiming to fend it off,  but ball is too tricky to hit."
Pakistan 2nd Inning,45.2,45,2,Gus Atkinson,Babar Azam,0,no run,No,No,Yes,No,,"Dot ball !! bouncer,  back of length,  on the off stump,  Gus Atkinson sends down a delivery outside the off stump,  and Babar Azam goes forward and watches it closely,  deciding to let ball go to the keeper."
Pakistan 2nd Inning,45.1,45,1,Gus Atkinson,Babar Azam,0,no run,No,No,Yes,No,,"Dot ball !! outswinger,  good length,  on the off stump,  Gus Atkinson sends down a delivery outside the off stump,  and Babar Azam goes forward and watches it closely,  deciding to let ball go to the keeper."
Pakistan 2nd Inning,44.6,44,6,Ollie Robinson,Shan Masood,0,no run,No,No,No,No,,"Dot ball !! fast ball, good length,  on the stumps,  Shan Masood goes forward and tucks defensive shot toward the fielder,  who halts the ball."
Pakistan 2nd Inning,44.5,44,5,Ollie Robinson,Shan Masood,0,no run,No,No,No,No,,"Dot ball !! fast ball,  good length,  on the stumps,  Shan Masood goes forward and slash defensive shot towards short cover,  but the fielder reacts promptly and blocks it right away."
Pakistan 2nd Inning,44.4,44,4,Ollie Robinson,Babar Azam,1,1 run,No,No,No,No,,"Babar Azam goes forward to take fast ball of good length aimed on the stumps,  executing a confident flick shot that sent the ball sailing towards deep mid wicket for 1 run."
Pakistan 2nd Inning,44.4,44,4,Ollie Robinson,Babar Azam,0,1 no ball,No,No,No,Yes,no_ball,"No ball !! fast ball,  full length,  on the off stump,  Babar Azam goes forward,  whacks an elegant defensive shot,  ball raced away to mid off,  earning,  It's a no ball ! Ollie Robinson overstepped the crease."
Pakistan 2nd Inning,44.3,44,3,Ollie Robinson,Babar Azam,0,no run,No,No,No,No,,"Dot ball !! fast ball,  good length,  on the off stump,  Ollie Robinson sends down a sharp delivery,  Babar Azam goes forward to defend it,  but mistimes the shot,  beats the bat,  leaving the batter confused."
Pakistan 2nd Inning,44.2,44,2,Ollie Robinson,Babar Azam,0,no run,No,No,No,No,,"Dot ball !! fast ball,  good length,  on the off stump,  Babar Azam goes forward,  dabs defensive shot with soft hands toward slip,  but the fielder is quick to react,  thwarts the ball."
Pakistan 2nd Inning,44.1,44,1,Ollie Robinson,Babar Azam,0,no run,No,No,No,No,,"Dot ball !! fast ball,  good length,  on the off stump,  goes forward,  plays defensive shot to the mid off."
Pakistan 2nd Inning,43.6,43,6,Gus Atkinson,Babar Azam,1,1 run,No,No,No,No,,"Gus Atkinson delivers fast ball at full length,  Babar Azam goes forward and plays the shot,  but the ball goes straight to the fielder at deep cover for 1 run."
Pakistan 2nd Inning,43.5,43,5,Gus Atkinson,Babar Azam,0,no run,No,No,Yes,No,,"Dot ball !! fast ball,  good length,  on the off stump,  Gus Atkinson sends down a delivery outside the off stump,  and Babar Azam goes forward and watches it closely,  deciding to let ball go to the keeper."
Pakistan 2nd Inning,43.4,43,4,Gus Atkinson,Shan Masood,1,1 run,No,No,No,No,,"Shan Masood goes forward to take fast ball of good length aimed on the off stump,  executing a confident defensive shot that sent the ball sailing towards short cover for 1 run."
Pakistan 2nd Inning,43.3,43,3,Gus Atkinson,Babar Azam,1,1 run,No,No,No,No,,"Babar Azam goes forward to take fast ball of good length aimed on the stumps,  executing a confident defensive shot that sent the ball sailing towards short mid wicket for 1 run."
Pakistan 2nd Inning,43.2,43,2,Gus Atkinson,Babar Azam,0,no run,No,No,No,No,,"Dot ball !! fast ball,  good length,  on the off stump,  Babar Azam goes forward to make a room for himself,  but left it alone for the keeper to collect at the last moment."
Pakistan 2nd Inning,43.1,43,1,Gus Atkinson,Babar Azam,0,no run,No,No,Yes,No,,"Dot Ball !! outswinger,  full length,  on the off stump,  and Babar Azam hangs on and tries to hit defensive shot,  but misses it completely as ball beats the bat,  goes to the keeper."
Pakistan 2nd Inning,42.6,42,6,Ollie Robinson,Shan Masood,0,no run,No,No,No,No,,"Dot ball !! fast ball,  good length,  on the stumps,  Shan Masood goes forward,  tucks defensive shot toward the fielder at short mid wicket,  who halts the ball."
Pakistan 2nd Inning,42.5,42,5,Ollie Robinson,Shan Masood,0,no run,No,No,No,No,,"Dot ball !! fast ball,  good length,  on the stumps,  goes forward,  plays defensive shot to the short mid wicket."
Pakistan 2nd Inning,42.4,42,4,Ollie Robinson,Babar Azam,3,3 runs,No,No,No,No,,"Babar Azam goes forward and plays a well-timed drive off an fast ball delivers at a full length by the bowler,  but the ball lands safely in the hands of the fielder at long off for 3 runs."
Pakistan 2nd Inning,42.3,42,3,Ollie Robinson,Babar Azam,0,no run,No,No,No,No,,"Dot ball !! fast ball,  full length,  on the off stump,  Babar Azam goes forward and slash defensive shot towards mid off,  but the fielder reacts promptly and blocks it right away."
Pakistan 2nd Inning,42.2,42,2,Ollie Robinson,Babar Azam,0,no run,No,No,Yes,No,,"Dot ball !! fast ball,  good length,  on the off stump,  Ollie Robinson sends down a delivery outside the off stump,  and Babar Azam goes forward and watches it closely,  deciding to let ball go to the keeper."
Pakistan 2nd Inning,42.1,42,1,Ollie Robinson,Shan Masood,1,1 run,No,No,No,No,,"fast ball,  good length,  on the stumps,  goes forward,  plays flick shot,  towards the square leg for 1 run."
Pakistan 2nd Inning,41.6,41,6,Gus Atkinson,Shan Masood,1,1 run,No,No,No,No,,"fast ball,  good length,  on the off stump,  goes forward,  plays defensive shot,  towards the deep point for 1 run."
Pakistan 2nd Inning,41.5,41,5,Gus Atkinson,Shan Masood,0,no run,No,No,No,No,,"Dot ball !! fast ball,  good length,  on the off stump,  Shan Masood goes forward and slash defensive shot towards short mid wicket,  but the fielder reacts promptly and blocks it right away."
Pakistan 2nd Inning,41.4,41,4,Gus Atkinson,Shan Masood,0,no run,No,No,No,No,,"Dot ball !! fast ball,  good length,  on the off stump,  Shan Masood goes forward,  dabs defensive shot with soft hands toward short cover,  but the fielder is quick to react,  thwarts the ball."
Pakistan 2nd Inning,41.3,41,3,Gus Atkinson,Shan Masood,0,no run,No,No,No,No,,"Dot ball !! fast ball,  good length,  on the off stump,  Shan Masood goes forward,  tucks defensive shot toward the fielder at short cover,  who halts the ball."
Pakistan 2nd Inning,41.2,41,2,Gus Atkinson,Shan Masood,0,no run,No,No,No,No,,"Dot ball !! fast ball, good length,  on the stumps,  Shan Masood goes forward and tucks defensive shot toward the fielder,  who halts the ball."
Pakistan 2nd Inning,41.1,41,1,Gus Atkinson,Shan Masood,0,no run,No,No,No,No,,"Dot ball !! fast ball,  good length,  on the off stump,  Shan Masood goes forward,  tucks defensive shot toward the fielder at mid on,  who halts the ball."
Pakistan 2nd Inning,40.6,40,6,Ollie Robinson,Babar Azam,2,2 runs,No,No,No,No,,"Babar Azam goes forward to take fast ball of good length aimed on the off stump,  executing a confident defensive shot that sent the ball sailing towards deep point for 2 runs."
Pakistan 2nd Inning,40.5,40,5,Ollie Robinson,Babar Azam,0,no run,No,No,No,No,,"Dot ball !! fast ball,  full length,  on the off stump,  goes forward,  plays defensive shot to the short mid wicket."
Pakistan 2nd Inning,40.4,40,4,Ollie Robinson,Babar Azam,0,4 bye,No,No,No,Yes,bye,"Bye !! fast ball,  full length,  on the off stump,  Babar Azam goes forward,  tries to swat it,  but the ball sails past the batter,  eluding the keeper,  batter sneaks 4 runs off bye."
Pakistan 2nd Inning,40.3,40,3,Ollie Robinson,Babar Azam,0,no run,No,No,Yes,No,,"Dot ball !! outswinger,  good length,  on the off stump,  Ollie Robinson sends down a delivery outside the off stump,  and Babar Azam goes forward and watches it closely,  deciding to let ball go to the keeper."
Pakistan 2nd Inning,40.2,40,2,Ollie Robinson,Shan Masood,1,1 run,No,No,No,No,,"An accurately pitched fast ball on the stumps,  Shan Masood goes forward to make a confident flick shot,  sending the ball towards deep mid wicket for 1 run."
Pakistan 2nd Inning,40.1,40,1,Ollie Robinson,Shan Masood,0,no run,No,No,No,No,,"Dot ball !! fast ball,  good length,  on the stumps,  goes forward,  plays defensive shot to the short mid wicket."
Pakistan 2nd Inning,39.6,39,6,Harry Brook,Babar Azam,0,no run,No,No,No,No,,"Dot ball !! fast ball,  full length,  on the off stump,  Babar Azam goes forward,  dabs push with soft hands toward mid off,  but the fielder is quick to react,  thwarts the ball."
Pakistan 2nd Inning,39.5,39,5,Harry Brook,Babar Azam,0,no run,No,No,No,No,,"Harry Brook lands a full delivery on off stump, and the batter blocks it solidly."
Pakistan 2nd Inning,39.4,39,4,Harry Brook,Babar Azam,0,no run,No,No,No,No,,"Dot ball !! fast ball,  good length,  on the off stump,  Babar Azam goes forward,  dabs defensive shot with soft hands toward short cover,  but the fielder is quick to react,  thwarts the ball."
Pakistan 2nd Inning,39.3,39,3,Harry Brook,Babar Azam,4,Four,Yes,No,No,No,,"Four !! fast ball,  full length,  on the off stump. Babar Azam goes forward,  hits drive in the gap towards deep cover,  and ball finds the ropes in a flash for four."
Pakistan 2nd Inning,39.2,39,2,Harry Brook,Shan Masood,0,1 leg bye,No,No,No,Yes,leg_bye,"Leg Bye !! inswinger,  good length,  on the stumps,  Shan Masood goes forward,  aims to play it,  but ball direclty brushes against the body. Batter snatch 1 runs off leg bye."
Pakistan 2nd Inning,39.1,39,1,Harry Brook,Shan Masood,0,2 leg bye,No,No,No,Yes,leg_bye,"Leg Bye !! fast ball,  good length,  on the leg stump,  Shan Masood goes forward,  aims to slam flick shot,  but deflect off the pads,  and batter steals a leg bye for 2 runs."
Pakistan 2nd Inning,38.6,38,6,Ollie Robinson,Babar Azam,0,no run,No,No,No,No,,"Dot ball !! fast ball,  good length,  on the off stump,  Babar Azam goes forward,  dabs defensive shot with soft hands toward short cover,  but the fielder is quick to react,  thwarts the ball."
Pakistan 2nd Inning,38.6,38,6,Ollie Robinson,Babar Azam,0,1 no ball,No,No,Yes,Yes,no_ball,"No ball !! fast ball,  good length,  on the off stump,  Ollie Robinson sends down a delivery outside the off stump,  and Babar Azam goes forward and watches it closely,  deciding to let ball go to the keeper. Umpire signals it a no ball."
Pakistan 2nd Inning,38.5,38,5,Ollie Robinson,Babar Azam,0,no run,No,No,Yes,No,,"Dot ball !! outswinger,  good length,  on the off stump,  Babar Azam goes forward to make a room for himself,  but left it alone for the keeper to collect at the last moment."
Pakistan 2nd Inning,38.4,38,4,Ollie Robinson,Babar Azam,2,2 runs,No,No,No,No,,"Babar Azam goes forward to take fast ball of full length aimed on the stumps,  executing a confident flick shot that sent the ball sailing towards deep mid wicket for 2 runs."
Pakistan 2nd Inning,38.3,38,3,Ollie Robinson,Babar Azam,0,no run,No,No,No,No,,"Dot ball !! fast ball,  good length,  on the off stump,  hangs in the crease,  but decided to leave the ball at last."
Pakistan 2nd Inning,38.2,38,2,Ollie Robinson,Babar Azam,0,no run,No,No,No,No,,"Dot ball !! fast ball,  good length,  on the off stump,  Babar Azam goes forward and slash defensive shot towards mid off,  but the fielder reacts promptly and blocks it right away."
Pakistan 2nd Inning,38.2,38,2,Ollie Robinson,Babar Azam,0,1 no ball,No,No,No,Yes,no_ball,"No ball !! fast ball,  good length,  on the off stump,  Babar Azam goes forward,  slams defensive shot,  It's a no ball ! Ollie Robinson overstepped this one."
Pakistan 2nd Inning,38.1,38,1,Ollie Robinson,Shan Masood,3,3 runs,No,No,No,No,,"Shan Masood goes forward and plays defensive shot off an fast ball delivers at a good length by the bowler,  edged!! and the ball lands safely in the hands of the fielder at third man for 3 runs."
Pakistan 2nd Inning,37.6,37,6,Josh Tongue,Shan Masood,1,1 run,No,No,No,No,,"Shan Masood goes forward to take fast ball of full length aimed on the leg stump,  executing a confident flick shot that sent the ball sailing towards deep square leg for 1 run."
Pakistan 2nd Inning,37.5,37,5,Josh Tongue,Shan Masood,0,no run,No,No,No,No,,"Dot ball !! fast ball,  good length,  on the off stump,  Shan Masood goes forward,  dabs defensive shot with soft hands toward short cover,  but the fielder is quick to react,  thwarts the ball."
Pakistan 2nd Inning,37.4,37,4,Josh Tongue,Shan Masood,0,no run,No,No,No,No,,"Dot ball !! fast ball,  good length,  on the stumps,  Shan Masood goes forward,  dabs defensive shot with soft hands toward short mid wicket,  but the fielder is quick to react,  thwarts the ball."
Pakistan 2nd Inning,37.3,37,3,Josh Tongue,Babar Azam,1,1 run,No,No,No,No,,"An accurately pitched fast ball on the stumps,  Babar Azam goes forward to make a confident flick shot,  sending the ball towards deep mid wicket for 1 run."
Pakistan 2nd Inning,37.2,37,2,Josh Tongue,Babar Azam,0,no run,No,No,No,No,,"Dot ball !! fast ball,  good length,  on the off stump,  Babar Azam hangs in the crease to make a room for himself,  but left it alone for the keeper to collect at the last moment."
Pakistan 2nd Inning,37.1,37,1,Josh Tongue,Babar Azam,4,Four,Yes,No,No,No,,"Four !! fast ball,  full length,  on the off stump. Babar Azam goes forward,  hits drive in the gap towards long off,  and ball finds the ropes in a flash for four."
Pakistan 2nd Inning,36.6,36,6,Ollie Robinson,Shan Masood,0,no run,No,No,No,No,,"Dot ball !! fast ball,  good length,  on the leg stump,  hangs in the crease,  tries to play but misses to get the bat on it."
Pakistan 2nd Inning,36.5,36,5,Ollie Robinson,Shan Masood,2,2 runs,No,No,No,No,,"Shan Masood goes forward to take fast ball of good length aimed on the off stump,  executing a confident flick shot that sent the ball sailing towards deep mid wicket for 2 runs."
Pakistan 2nd Inning,36.4,36,4,Ollie Robinson,Shan Masood,0,no run,No,No,No,No,,"Dot ball !! fast ball,  full length,  on the off stump,  goes forward,  plays defensive shot to the short mid wicket."
Pakistan 2nd Inning,36.3,36,3,Ollie Robinson,Shan Masood,0,4 leg bye,No,No,No,Yes,leg_bye,"Leg Bye !! inswinger,  full length,  on the stumps,  Shan Masood goes forward,  aims to play flick shot,  but ball direclty brushes against the body. Batter snatch 4 runs off leg bye."
Pakistan 2nd Inning,36.2,36,2,Ollie Robinson,Shan Masood,0,no run,No,No,No,No,,"Dot ball !! inswinger,  good length,  on the stumps,  Ollie Robinson sends down a sharp delivery,  Shan Masood hangs in the crease to defend it,  but mistimes the shot,  beats the bat,  leaving the batter confused."
Pakistan 2nd Inning,36.1,36,1,Ollie Robinson,Shan Masood,0,no run,No,No,No,No,,"Dot ball !! fast ball,  good length,  on the stumps,  goes forward,  plays defensive shot."
Pakistan 2nd Inning,35.6,35,6,Josh Tongue,Babar Azam,0,no run,No,No,No,No,,"Dot ball !! fast ball,  good length,  on the off stump,  Babar Azam goes forward,  dabs drive with soft hands toward mid off,  but the fielder is quick to react,  thwarts the ball."
Pakistan 2nd Inning,35.5,35,5,Josh Tongue,Babar Azam,0,no run,No,No,Yes,No,,"Dot ball !! fast ball,  good length,  on the off stump,  Josh Tongue sends down a delivery outside the off stump,  and Babar Azam goes forward and watches it closely,  deciding to let ball go to the keeper."
Pakistan 2nd Inning,35.4,35,4,Josh Tongue,Babar Azam,0,no run,No,No,No,No,,"Dot ball !! fast ball,  good length,  on the off stump,  Babar Azam goes forward,  tucks defensive shot toward the fielder at short cover,  who halts the ball."
Pakistan 2nd Inning,35.3,35,3,Josh Tongue,Babar Azam,0,no run,No,No,No,No,,"Dot ball !! fast ball, good length,  on the off stump,  Babar Azam goes forward and tucks defensive shot toward the fielder,  who halts the ball."
Pakistan 2nd Inning,35.2,35,2,Josh Tongue,Babar Azam,0,no run,No,No,No,No,,"Dot ball !! fast ball,  good length,  on the stumps,  Babar Azam goes forward and slash defensive shot towards mid on,  but the fielder reacts promptly and blocks it right away."
Pakistan 2nd Inning,35.1,35,1,Josh Tongue,Babar Azam,4,Four,Yes,No,No,No,,"Four !! fast ball,  good length,  on the stumps. Babar Azam goes forward,  hits flick shot in the gap towards deep mid wicket,  and ball finds the ropes in a flash for four."
Pakistan 2nd Inning,34.6,34,6,Jofra Archer,Shan Masood,0,no run,No,No,No,No,,"Dot ball !! fast ball,  good length,  on the off stump,  Shan Masood goes forward,  tucks drive toward the fielder at short cover,  who halts the ball."
Pakistan 2nd Inning,34.5,34,5,Jofra Archer,Shan Masood,0,no run,No,No,No,No,,"Dot ball !! fast ball,  good length,  on the off stump,  Shan Masood goes forward and slash drive towards short cover,  but the fielder reacts promptly and blocks it right away."
Pakistan 2nd Inning,34.4,34,4,Jofra Archer,Shan Masood,0,no run,No,No,No,No,,"Dot ball !! fast ball,  back of length,  on the off stump,  goes forward,  plays defensive shot to the short cover."
Pakistan 2nd Inning,34.3,34,3,Jofra Archer,Shan Masood,0,no run,No,No,No,No,,"Dot ball !! fast ball,  full length,  on the off stump,  Shan Masood goes forward,  tucks defensive shot toward the fielder at mid on,  who halts the ball."
Pakistan 2nd Inning,34.2,34,2,Jofra Archer,Shan Masood,4,Four,Yes,No,Yes,No,,Jofra Archer lands this back of a length outside off stump. Shan Masood rides the bounce and punches it away through the gap for four runs.
Pakistan 2nd Inning,34.1,34,1,Jofra Archer,Shan Masood,0,no run,No,No,No,No,,"Dot ball !! fast ball,  back of length,  on the off stump,  Shan Masood goes back,  dabs defensive shot with soft hands toward short cover,  but the fielder is quick to react,  thwarts the ball."
Pakistan 2nd Inning,33.6,33,6,Josh Tongue,Babar Azam,0,no run,No,No,No,No,,"Dot ball !! fast ball,  good length,  on the stumps,  Babar Azam goes forward,  tucks defensive shot toward the fielder at mid on,  who halts the ball."
Pakistan 2nd Inning,33.5,33,5,Josh Tongue,Babar Azam,0,no run,No,No,No,No,,"Dot ball !! fast ball,  good length,  on the stumps,  goes forward,  plays defensive shot to the short mid wicket."
Pakistan 2nd Inning,33.4,33,4,Josh Tongue,Babar Azam,0,no run,No,No,Yes,No,,"Dot ball !! fast ball,  good length,  on the off stump,  Josh Tongue sends down a delivery outside the off stump,  and Babar Azam goes forward and watches it closely,  deciding to let ball go to the keeper."
Pakistan 2nd Inning,33.3,33,3,Josh Tongue,Babar Azam,0,no run,No,No,No,No,,"Dot ball !! fast ball,  good length,  on the off stump,  Babar Azam goes forward,  tucks defensive shot toward the fielder at short cover,  who halts the ball."
Pakistan 2nd Inning,33.2,33,2,Josh Tongue,Babar Azam,4,Four,Yes,No,No,No,,"Four !! fast ball,  full length,  on the leg stump. Babar Azam goes forward,  hits flick shot in the gap towards deep fine leg,  and ball finds the ropes in a flash for four."
Pakistan 2nd Inning,33.1,33,1,Josh Tongue,Babar Azam,0,no run,No,No,No,No,,"Dot Ball !! fast ball,  good length,  on the off stump,  and Babar Azam hangs on and tries to hit drive,  but misses it completely as ball beats the bat,  goes to the keeper."
Pakistan 2nd Inning,32.6,32,6,Jofra Archer,Shan Masood,4,Four,Yes,No,No,No,,"Four !! fast ball,  back of length,  on the off stump. Shan Masood goes back,  hits pull in the gap towards deep mid wicket,  and ball finds the ropes in a flash for four."
Pakistan 2nd Inning,32.5,32,5,Jofra Archer,Shan Masood,0,no run,No,No,No,No,,"Dot ball !! inswinger, good length,  on the off stump,  Shan Masood goes forward and tucks defensive shot toward the fielder,  who halts the ball."
Pakistan 2nd Inning,32.4,32,4,Jofra Archer,Shan Masood,0,no run,No,No,No,No,,"Dot ball !! fast ball,  full length,  on the off stump,  Shan Masood goes forward,  tucks drive toward the fielder at mid on,  who halts the ball."
Pakistan 2nd Inning,32.3,32,3,Jofra Archer,Shan Masood,2,2 runs,No,No,No,No,,"Shan Masood goes back and plays a well-timed cut off an fast ball delivers at a back of length by the bowler,  but the ball lands safely in the hands of the fielder at deep cover for 2 runs."
Pakistan 2nd Inning,32.2,32,2,Jofra Archer,Shan Masood,4,Four,Yes,No,No,No,,"Archer sends it down, and Shan Masood finds the gap to send the ball racing away to the boundary. That brings four runs to the total."
Pakistan 2nd Inning,32.1,32,1,Jofra Archer,Shan Masood,0,no run,No,No,No,No,,"Dot ball !! fast ball,  good length,  on the stumps,  Shan Masood goes forward,  tucks defensive shot toward the fielder at short mid wicket,  who halts the ball."
Pakistan 2nd Inning,31.6,31,6,Josh Tongue,Shan Masood,3,3 runs,No,No,No,No,,"Shan Masood goes forward and plays a well-timed flick shot off an fast ball delivers at a full length by the bowler,  but the ball lands safely in the hands of the fielder at deep mid wicket for 3 runs."
Pakistan 2nd Inning,31.5,31,5,Josh Tongue,Shan Masood,0,no run,No,No,No,No,,"Dot Ball !! fast ball,  back of length,  on the off stump,  and Shan Masood hangs on and tries to hit defensive shot,  but misses it completely as ball beats the bat,  goes to the keeper."
Pakistan 2nd Inning,31.4,31,4,Josh Tongue,Shan Masood,0,no run,No,No,No,No,,"Dot ball !! fast ball,  good length,  on the off stump,  Shan Masood goes forward,  tucks defensive shot toward the fielder at mid off,  who halts the ball."
Pakistan 2nd Inning,31.3,31,3,Josh Tongue,Babar Azam,1,1 run,No,No,No,No,,"Babar Azam goes back and plays a well-timed defensive shot off an fast ball delivers at a back of length by the bowler,  but the ball lands safely in the hands of the fielder at short cover for 1 run."
Pakistan 2nd Inning,31.2,31,2,Josh Tongue,Babar Azam,0,no run,No,No,No,No,,"Dot ball !! fast ball,  yorker,  on the off stump,  goes forward,  plays defensive shot to the mid on."
Pakistan 2nd Inning,31.1,31,1,Josh Tongue,Babar Azam,4,Four,Yes,No,No,No,,"Four !! fast ball,  full length,  on the stumps. Babar Azam goes forward,  hits flick shot in the gap towards deep mid wicket,  and ball finds the ropes in a flash for four."
Pakistan 2nd Inning,30.6,30,6,Dan Lawrence,Shan Masood,0,no run,No,No,No,No,,"Dot ball !! ,  full length,  on the stumps,  Shan Masood goes forward,  tucks defensive shot toward the fielder at short mid wicket,  who halts the ball."
Pakistan 2nd Inning,30.5,30,5,Dan Lawrence,Babar Azam,1,1 run,No,No,No,No,,"Babar Azam goes forward to take of full length aimed on the off stump,  executing a confident push that sent the ball sailing towards deep cover for 1 run."
Pakistan 2nd Inning,30.4,30,4,Dan Lawrence,Shan Masood,1,1 run,No,No,No,No,,"Shan Masood goes forward and plays a well-timed defensive shot off an off break ball delivers at a good length by the bowler,  but the ball lands safely in the hands of the fielder at short cover for 1 run."
Pakistan 2nd Inning,30.3,30,3,Dan Lawrence,Babar Azam,1,1 run,No,No,No,No,,"Babar Azam goes forward to take off break ball of full length aimed on the off stump,  executing a confident push that sent the ball sailing towards deep cover for 1 run."
Pakistan 2nd Inning,30.1,30,1,Dan Lawrence,Azan Awais,0,no run,No,No,No,No,,"Dot ball !! off break ball,  full length,  on the stumps,  goes forward,  plays defensive shot."
Pakistan 2nd Inning,29.6,29,6,Gus Atkinson,Shan Masood,0,no run,No,No,No,No,,"Dot ball !! fast ball,  good length,  on the off stump,  Shan Masood hangs in the crease,  dabs defensive shot with soft hands toward mid on,  but the fielder is quick to react,  thwarts the ball."
Pakistan 2nd Inning,29.5,29,5,Gus Atkinson,Shan Masood,4,Four,Yes,No,No,No,,"Four !! fast ball,  back of length,  on the off stump. Shan Masood hangs in the crease,  hits cut in the gap towards deep point,  and ball finds the ropes in a flash for four."
Pakistan 2nd Inning,29.4,29,4,Gus Atkinson,Shan Masood,0,no run,No,No,No,No,,"Dot ball !! fast ball,  good length,  on the off stump,  Shan Masood hangs in the crease,  dabs push with soft hands toward point,  but the fielder is quick to react,  thwarts the ball."
Pakistan 2nd Inning,29.3,29,3,Gus Atkinson,Azan Awais,3,3 runs,No,No,No,No,,"Azan Awais hangs in the crease and plays push off an fast ball delivers at a good length by the bowler,  edged!! and the ball lands safely in the hands of the fielder at third man for 3 runs."
Pakistan 2nd Inning,29.2,29,2,Gus Atkinson,Shan Masood,1,1 run,No,No,No,No,,"Shan Masood goes forward and plays a well-timed push off an fast ball delivers at a good length by the bowler,  but the ball lands safely in the hands of the fielder at short mid wicket for 1 run."
Pakistan 2nd Inning,29.1,29,1,Gus Atkinson,Shan Masood,0,no run,No,No,No,No,,"Dot ball !! fast ball,  good length,  on the off stump,  Shan Masood hangs in the crease and slash flick shot towards short mid wicket,  but the fielder reacts promptly and blocks it right away."
Pakistan 2nd Inning,28.6,28,6,Josh Tongue,Azan Awais,4,Four,Yes,No,No,No,,"Four !! fast ball,  full length,  on the off stump. Azan Awais goes forward,  hits drive in the gap towards deep cover,  and ball finds the ropes in a flash for four."
Pakistan 2nd Inning,28.5,28,5,Josh Tongue,Shan Masood,1,1 run,No,No,No,No,,"Shan Masood hangs in the crease and plays a well-timed pull off an fast ball delivers at a back of length by the bowler,  but the ball lands safely in the hands of the fielder at deep mid wicket for 1 run."
Pakistan 2nd Inning,28.4,28,4,Josh Tongue,Azan Awais,1,1 run,No,No,No,No,,"Azan Awais goes back and plays a well-timed pull off an fast ball delivers at a back of length by the bowler,  but the ball lands safely in the hands of the fielder at deep square leg for 1 run."
Pakistan 2nd Inning,28.3,28,3,Josh Tongue,Shan Masood,1,1 run,No,No,No,No,,"Shan Masood goes forward and plays a well-timed flick shot off an fast ball delivers at a good length by the bowler,  but the ball lands safely in the hands of the fielder at deep square leg for 1 run."
Pakistan 2nd Inning,28.2,28,2,Josh Tongue,Shan Masood,0,no run,No,No,No,No,,"Dot ball !! fast ball,  good length,  on the off stump,  Shan Masood goes forward,  dabs defensive shot with soft hands toward mid on,  but the fielder is quick to react,  thwarts the ball."
Pakistan 2nd Inning,28.1,28,1,Josh Tongue,Azan Awais,1,1 run,No,No,No,No,,"Azan Awais goes forward and plays a well-timed push off an fast ball delivers at a full length by the bowler,  but the ball lands safely in the hands of the fielder at short cover for 1 run."
Pakistan 2nd Inning,27.6,27,6,Gus Atkinson,Shan Masood,0,no run,No,No,Yes,No,,"Dot ball !! fast ball,  back of length,  on the leg stump,  Shan Masood hangs in the crease to the delivery,  letting it go to the keeper without offering a shot."
Pakistan 2nd Inning,27.5,27,5,Gus Atkinson,Shan Masood,0,no run,No,No,Yes,No,,"Dot ball !! fast ball,  good length,  on the off stump,  Shan Masood goes forward to cover the line of the ball,  but let it go to the keeper without offering a shot."
Pakistan 2nd Inning,27.4,27,4,Gus Atkinson,Azan Awais,1,1 run,No,No,No,No,,"Azan Awais goes forward to take fast ball of good length aimed on the off stump,  executing a confident defensive shot that sent the ball sailing towards short cover for 1 run."
Pakistan 2nd Inning,27.3,27,3,Gus Atkinson,Azan Awais,0,no run,No,No,No,No,,"Dot ball !! fast ball,  good length,  on the stumps,  Azan Awais hangs in the crease,  tucks defensive shot toward the fielder at short mid wicket,  who halts the ball."
Pakistan 2nd Inning,27.2,27,2,Gus Atkinson,Azan Awais,0,no run,No,No,No,No,,"Dot ball !! fast ball,  back of length,  on the off stump,  Gus Atkinson bowls a sharp delivery,  and Azan Awais goes forward to defend the ball,  but the ball nips away and beats the bat,  leaving the batter stranded."
Pakistan 2nd Inning,27.1,27,1,Gus Atkinson,Shan Masood,1,1 run,No,No,No,No,,"Shan Masood goes forward and plays a well-timed push off an fast ball delivers at a good length by the bowler,  but the ball lands safely in the hands of the fielder at deep cover for 1 run."
Pakistan 2nd Inning,26.6,26,6,Josh Tongue,Azan Awais,0,no run,No,No,No,No,,"Dot ball !! fast ball,  good length,  on the off stump,  Azan Awais goes forward,  trying to hit defensive shot,  but the ball shapes away late,  beats the bat."
Pakistan 2nd Inning,26.5,26,5,Josh Tongue,Azan Awais,0,no run,No,No,No,No,,"Dot ball !! fast ball,  good length,  on the off stump,  Azan Awais goes forward and slash defensive shot towards short cover,  but the fielder reacts promptly and blocks it right away."
Pakistan 2nd Inning,26.4,26,4,Josh Tongue,Azan Awais,4,Four,Yes,No,No,No,,"Four !! fast ball,  back of length,  on the stumps. Azan Awais hangs in the crease,  hits pull in the gap towards deep mid wicket,  and ball finds the ropes in a flash for four."
Pakistan 2nd Inning,26.3,26,3,Josh Tongue,Azan Awais,2,2 runs,No,No,No,No,,"Azan Awais hangs in the crease and plays a well-timed pull off an fast ball delivers at a back of length by the bowler,  but the ball lands safely in the hands of the fielder at deep mid wicket for 2 runs."
Pakistan 2nd Inning,26.2,26,2,Josh Tongue,Shan Masood,1,1 run,No,No,No,No,,"Shan Masood goes forward and plays a well-timed flick shot off an fast ball delivers at a good length by the bowler,  but the ball lands safely in the hands of the fielder at short mid wicket for 1 run."
Pakistan 2nd Inning,26.1,26,1,Josh Tongue,Shan Masood,0,no run,No,No,No,No,,"Dot ball !! fast ball,  good length,  on the off stump,  Shan Masood goes forward and slash defensive shot towards short mid wicket,  but the fielder reacts promptly and blocks it right away."
Pakistan 2nd Inning,25.6,25,6,Gus Atkinson,Azan Awais,0,no run,No,No,No,No,,"Dot ball !! fast ball,  good length,  on the off stump,  Azan Awais hangs in the crease and slash defensive shot towards point,  but the fielder reacts promptly and blocks it right away."
Pakistan 2nd Inning,25.5,25,5,Gus Atkinson,Azan Awais,0,no run,No,No,No,No,,"Dot ball !! fast ball,  good length,  on the off stump,  Azan Awais goes forward,  dabs defensive shot with soft hands toward deep point,  but the fielder is quick to react,  thwarts the ball."
Pakistan 2nd Inning,25.4,25,4,Gus Atkinson,Azan Awais,0,no run,No,No,No,No,,"Dot ball !! fast ball,  good length,  on the stumps,  Azan Awais goes forward and slash defensive shot towards square leg,  but the fielder reacts promptly and blocks it right away."
Pakistan 2nd Inning,25.3,25,3,Gus Atkinson,Shan Masood,1,1 run,No,No,No,No,,"Shan Masood hangs in the crease and plays a well-timed flick shot off an fast ball delivers at a good length by the bowler,  but the ball lands safely in the hands of the fielder at short mid wicket for 1 run."
Pakistan 2nd Inning,25.2,25,2,Gus Atkinson,Shan Masood,4,Four,Yes,No,No,No,,"Four !! fast ball,  full length,  on the off stump. Shan Masood goes forward,  hits drive in the gap towards deep point,  and ball finds the ropes in a flash for four."
Pakistan 2nd Inning,25.1,25,1,Gus Atkinson,Shan Masood,0,no run,No,No,No,No,,"Dot ball !! fast ball,  back of length,  on the off stump,  Shan Masood hangs in the crease,  tucks defensive shot toward the fielder at short cover,  who halts the ball."
Pakistan 2nd Inning,24.6,24,6,Josh Tongue,Azan Awais,0,no run,No,No,No,No,,"Dot ball !! fast ball,  good length,  on the stumps,  Azan Awais goes forward,  dabs flick shot with soft hands toward short mid wicket,  but the fielder is quick to react,  thwarts the ball."
Pakistan 2nd Inning,24.5,24,5,Josh Tongue,Azan Awais,0,no run,No,No,No,No,,"Dot ball !! fast ball,  good length,  on the off stump,  Azan Awais hangs in the crease and slash defensive shot towards short cover,  but the fielder reacts promptly and blocks it right away."
Pakistan 2nd Inning,24.4,24,4,Josh Tongue,Azan Awais,0,no run,No,No,No,No,,"Dot ball !! fast ball, back of length,  on the stumps,  Azan Awais hangs in the crease and tucks punch toward the fielder,  who halts the ball."
Pakistan 2nd Inning,24.3,24,3,Josh Tongue,Shan Masood,1,1 run,No,No,No,No,,"Shan Masood hangs in the crease to take fast ball of good length aimed on the stumps,  executing a confident flick shot that sent the ball sailing towards deep mid wicket for 1 run."
Pakistan 2nd Inning,24.2,24,2,Josh Tongue,Shan Masood,0,no run,No,No,No,No,,"Dot Ball !! fast ball,  good length,  on the leg stump,  and Shan Masood hangs on and tries to hit flick shot,  but misses it completely as ball beats the bat,  goes to the keeper."
Pakistan 2nd Inning,24.1,24,1,Josh Tongue,Shan Masood,4,Four,Yes,No,No,No,,"Four !! fast ball,  full length,  on the off stump,  Shan Masood goes forward,  plays drive in the air to deep point. Ball finds the ropes for four."
Pakistan 2nd Inning,23.6,23,6,Gus Atkinson,Azan Awais,0,no run,No,No,No,No,,"Dot ball !! fast ball,  full length,  on the off stump,  Azan Awais goes forward and slash push towards point,  but the fielder reacts promptly and blocks it right away."
Pakistan 2nd Inning,23.5,23,5,Gus Atkinson,Shan Masood,1,1 run,No,No,No,No,,"Shan Masood goes forward and plays a well-timed drive off an fast ball delivers at a good length by the bowler,  but the ball lands safely in the hands of the fielder at deep square leg for 1 run."
Pakistan 2nd Inning,23.4,23,4,Gus Atkinson,Shan Masood,0,no run,No,No,No,No,,"Dot ball !! fast ball,  good length,  on the off stump,  Shan Masood goes forward and dabs defensive shot,  but the fielder reacts promptly and blocks it right away."
Pakistan 2nd Inning,23.3,23,3,Gus Atkinson,Shan Masood,0,no run,No,No,No,No,,"Dot ball !! fast ball,  good length,  on the stumps,  Shan Masood goes forward,  tucks defensive shot toward the fielder at mid on,  who halts the ball."
Pakistan 2nd Inning,23.2,23,2,Gus Atkinson,Shan Masood,0,no run,No,No,No,No,,"Dot ball !! fast ball,  good length,  on the stumps,  Shan Masood goes forward and slash flick shot towards short mid wicket,  but the fielder reacts promptly and blocks it right away."
Pakistan 2nd Inning,23.1,23,1,Gus Atkinson,Shan Masood,2,2 runs,No,No,No,No,,"Shan Masood goes forward and plays a well-timed flick shot off an fast ball delivers at a full length by the bowler,  but the ball lands safely in the hands of the fielder at deep mid wicket for 2 runs."
Pakistan 2nd Inning,22.6,22,6,Josh Tongue,Azan Awais,0,no run,No,No,No,No,,"Dot ball !! fast ball,  good length,  on the stumps,  Azan Awais goes forward and slash push towards mid on,  but the fielder reacts promptly and blocks it right away."
Pakistan 2nd Inning,22.5,22,5,Josh Tongue,Azan Awais,0,no run,No,No,No,No,,"Dot ball !! fast ball,  good length,  on the stumps,  Azan Awais goes forward and dabs defensive shot with soft hands,  but the fielder is quick to react and thwarts the ball."
Pakistan 2nd Inning,22.4,22,4,Josh Tongue,Azan Awais,0,no run,No,No,Yes,No,,"Dot ball !! fast ball,  good length,  on the off stump,  Azan Awais hangs in the crease to the delivery,  letting it go to the keeper without offering a shot."
Pakistan 2nd Inning,22.3,22,3,Josh Tongue,Azan Awais,4,Four,Yes,No,No,No,,"Four !! fast ball,  full length,  on the off stump. Azan Awais goes forward,  hits drive in the gap towards deep cover,  and ball finds the ropes in a flash for four."
Pakistan 2nd Inning,22.2,22,2,Josh Tongue,Azan Awais,4,Four,Yes,No,No,No,,"Four !! fast ball,  good length,  on the leg stump. Azan Awais goes forward,  hits flick shot in the gap towards deep square leg,  and ball finds the ropes in a flash for four."
Pakistan 2nd Inning,22.1,22,1,Josh Tongue,Azan Awais,2,2 runs,No,No,No,No,,"Azan Awais goes forward and plays a well-timed push off an fast ball delivers at a good length by the bowler,  but the ball lands safely in the hands of the fielder at deep cover for 2 runs."
Pakistan 2nd Inning,21.6,21,6,Ollie Robinson,Shan Masood,0,no run,No,No,No,No,,"Dot ball !! fast ball,  good length,  on the stumps,  Shan Masood goes forward and dabs defensive shot,  but the fielder reacts promptly and blocks it right away."
Pakistan 2nd Inning,21.5,21,5,Ollie Robinson,Shan Masood,0,no run,No,No,No,No,,"Dot ball !! fast ball,  good length,  on the stumps,  Shan Masood hangs in the crease and dabs defensive shot,  but the fielder reacts promptly and blocks it right away."
Pakistan 2nd Inning,21.4,21,4,Ollie Robinson,Shan Masood,0,no run,No,No,No,No,,"Dot ball !! fast ball,  good length,  on the off stump,  Shan Masood hangs in the crease and dabs defensive shot,  but the fielder reacts promptly and blocks it right away."
Pakistan 2nd Inning,21.3,21,3,Ollie Robinson,Shan Masood,0,no run,No,No,No,No,,"Dot ball !! fast ball,  good length,  on the off stump,  Shan Masood hangs in the crease and slash push towards point,  but the fielder reacts promptly and blocks it right away."
Pakistan 2nd Inning,21.2,21,2,Ollie Robinson,Shan Masood,0,no run,No,No,No,No,,"Dot ball !! fast ball,  good length,  on the off stump,  Shan Masood hangs in the crease,  tucks defensive shot toward the fielder at point,  who halts the ball."
Pakistan 2nd Inning,21.1,21,1,Ollie Robinson,Azan Awais,1,1 run,No,No,No,No,,"Azan Awais goes forward and plays a well-timed push off an fast ball delivers at a good length by the bowler,  but the ball lands safely in the hands of the fielder at short mid wicket for 1 run."
Pakistan 2nd Inning,20.6,20,6,Josh Tongue,Shan Masood,0,no run,No,No,No,No,,"Dot ball !! fast ball,  good length,  on the off stump,  Shan Masood goes forward,  dabs defensive shot with soft hands toward short cover,  but the fielder is quick to react,  thwarts the ball."
Pakistan 2nd Inning,20.5,20,5,Josh Tongue,Shan Masood,0,no run,No,No,No,No,,"Dot ball !! fast ball,  full length,  on the stumps,  Shan Masood hangs in the crease and dabs defensive shot,  but the fielder reacts promptly and blocks it right away."
Pakistan 2nd Inning,20.4,20,4,Josh Tongue,Shan Masood,4,Four,Yes,No,No,No,,"Four !! fast ball,  good length,  on the stumps. Shan Masood goes forward,  hits flick shot in the gap towards deep square leg,  and ball finds the ropes in a flash for four."
Pakistan 2nd Inning,20.3,20,3,Josh Tongue,Shan Masood,4,Four,Yes,No,No,No,,"Four !! fast ball,  back of length,  on the off stump,  Shan Masood hangs in the crease,  plays defensive shot,  gets an edge!,  in the air to third man. Ball finds the ropes for four."
Pakistan 2nd Inning,20.2,20,2,Josh Tongue,Azan Awais,0,1 leg bye,No,No,No,Yes,leg_bye,"Leg Bye !! fast ball,  good length,  on the off stump,  Azan Awais hangs in the crease,  swats cut,  but the ball slides off the body,  batter is quick to avail this leg bye for 1 run."
Pakistan 2nd Inning,20.1,20,1,Josh Tongue,Azan Awais,0,no run,No,No,No,No,,"Dot Ball !! fast ball,  good length,  on the off stump,  and Azan Awais hangs on and tries to hit defensive shot,  but misses it completely as ball beats the bat,  goes to the keeper."
Pakistan 2nd Inning,19.6,19,6,Ollie Robinson,Shan Masood,0,no run,No,No,Yes,No,,Ollie Robinson closes out the over with another dot as the batter defends safely.
Pakistan 2nd Inning,19.5,19,5,Ollie Robinson,Shan Masood,0,no run,No,No,No,No,,"Dot ball !! inswinger,  good length,  on the off stump,  Shan Masood hangs in the crease,  dabs defensive shot with soft hands toward short cover,  but the fielder is quick to react,  thwarts the ball."
Pakistan 2nd Inning,19.4,19,4,Ollie Robinson,Shan Masood,0,no run,No,No,No,No,,"Dot ball !! fast ball,  good length,  on the stumps,  Shan Masood hangs in the crease and slash push towards mid on,  but the fielder reacts promptly and blocks it right away."
Pakistan 2nd Inning,19.3,19,3,Ollie Robinson,Shan Masood,0,no run,No,No,No,No,,"Dot ball !! fast ball,  full length,  on the off stump,  Shan Masood hangs in the crease,  dabs defensive shot with soft hands toward short cover,  but the fielder is quick to react,  thwarts the ball."
Pakistan 2nd Inning,19.2,19,2,Ollie Robinson,Shan Masood,0,no run,No,No,No,No,,"Dot ball !! fast ball,  good length,  on the stumps,  Shan Masood hangs in the crease and dabs defensive shot with soft hands,  but the fielder is quick to react and thwarts the ball."
Pakistan 2nd Inning,19.1,19,1,Ollie Robinson,Shan Masood,0,no run,No,No,No,No,,"Dot ball !! fast ball,  good length,  on the stumps,  Shan Masood goes forward and dabs defensive shot with soft hands,  but the fielder is quick to react and thwarts the ball."
Pakistan 2nd Inning,18.6,18,6,Jofra Archer,Azan Awais,0,no run,No,No,Yes,No,,"Dot ball !! fast ball,  good length,  on the off stump,  Jofra Archer sends down a delivery outside the off stump,  and Azan Awais hangs in the crease and watches it closely,  deciding to let ball go to the keeper."
Pakistan 2nd Inning,18.5,18,5,Jofra Archer,Azan Awais,0,no run,No,No,No,No,,"Dot ball !! fast ball,  full length,  on the off stump,  Azan Awais goes forward,  dabs defensive shot with soft hands toward point,  but the fielder is quick to react,  thwarts the ball."
Pakistan 2nd Inning,18.4,18,4,Jofra Archer,Azan Awais,0,no run,No,No,No,No,,"Dot ball !! fast ball,  short length,  on the stumps,  Azan Awais hangs in the crease to make a room for himself,  but left it alone for the keeper to collect at the last moment."
Pakistan 2nd Inning,18.3,18,3,Jofra Archer,Azan Awais,0,no run,No,No,No,No,,"Dot ball !! fast ball,  good length,  on the stumps,  Azan Awais hangs in the crease and dabs defensive shot,  but the fielder reacts promptly and blocks it right away."
Pakistan 2nd Inning,18.2,18,2,Jofra Archer,Shan Masood,1,1 run,No,No,No,No,,"Shan Masood goes forward to take fast ball of good length aimed on the stumps,  executing a confident flick shot that sent the ball sailing towards deep square leg for 1 run."
Pakistan 2nd Inning,18.1,18,1,Jofra Archer,Shan Masood,0,no run,No,No,No,No,,"Dot Ball !! fast ball,  back of length,  on the leg stump,  and Shan Masood hangs on and tries to hit flick shot,  but misses it completely as ball beats the bat,  goes to the keeper."
Pakistan 2nd Inning,17.6,17,6,Ollie Robinson,Azan Awais,0,no run,No,No,No,No,,"Dot ball !! fast ball,  good length,  on the off stump,  Azan Awais goes forward and dabs defensive shot,  but the fielder reacts promptly and blocks it right away."
Pakistan 2nd Inning,17.5,17,5,Ollie Robinson,Azan Awais,0,no run,No,No,No,No,,"Dot ball !! fast ball,  good length,  on the off stump,  Azan Awais hangs in the crease,  trying to hit defensive shot,  but the ball shapes away late,  beats the bat."
Pakistan 2nd Inning,17.4,17,4,Ollie Robinson,Azan Awais,0,no run,No,No,No,No,,"Dot ball !! fast ball,  good length,  on the off stump,  Azan Awais goes forward,  trying to hit defensive shot,  but the ball shapes away late,  beats the bat."
Pakistan 2nd Inning,17.3,17,3,Ollie Robinson,Azan Awais,0,no run,No,No,No,No,,"Dot Ball !! fast ball,  good length,  on the off stump,  and Azan Awais hangs on and tries to hit defensive shot,  but misses it completely as ball beats the bat,  goes to the keeper."
Pakistan 2nd Inning,17.2,17,2,Ollie Robinson,Azan Awais,0,no run,No,No,No,No,,"Dot ball !! fast ball,  good length,  on the stumps,  Azan Awais hangs in the crease and slash defensive shot towards square leg,  but the fielder reacts promptly and blocks it right away."
Pakistan 2nd Inning,17.1,17,1,Ollie Robinson,Azan Awais,2,2 runs,No,No,No,No,,"Azan Awais hangs in the crease and plays a well-timed pull off an fast ball delivers at a short length by the bowler,  but the ball lands safely in the hands of the fielder at deep mid wicket for 2 runs."
Pakistan 2nd Inning,16.6,16,6,Jofra Archer,Shan Masood,0,no run,No,No,No,No,,"Dot ball !! fast ball,  back of length,  on the stumps,  Shan Masood hangs in the crease to make a room for himself,  but left it alone for the keeper to collect at the last moment."
Pakistan 2nd Inning,16.5,16,5,Jofra Archer,Shan Masood,2,2 runs,No,No,No,No,,"Shan Masood goes forward and plays a well-timed push off an fast ball delivers at a full length by the bowler,  but the ball lands safely in the hands of the fielder at mid off for 2 runs."
Pakistan 2nd Inning,16.4,16,4,Jofra Archer,Azan Awais,1,1 run,No,No,No,No,,"Azan Awais hangs in the crease and plays a well-timed flick shot off an fast ball delivers at a full length by the bowler,  but the ball lands safely in the hands of the fielder at deep fine leg for 1 run."
Pakistan 2nd Inning,16.3,16,3,Jofra Archer,Azan Awais,0,no run,No,No,No,No,,"Dot ball !! fast ball,  good length,  on the off stump,  Azan Awais hangs in the crease,  dabs punch with soft hands toward short cover,  but the fielder is quick to react,  thwarts the ball."
Pakistan 2nd Inning,16.2,16,2,Jofra Archer,Azan Awais,0,no run,No,No,No,No,,"Dot ball !! fast ball,  good length,  on the stumps,  Azan Awais goes forward and slash defensive shot towards short cover,  but the fielder reacts promptly and blocks it right away."
Pakistan 2nd Inning,16.1,16,1,Jofra Archer,Shan Masood,1,1 run,No,No,No,No,,"Shan Masood hangs in the crease to take fast ball of back of length aimed on the stumps,  executing a confident flick shot that sent the ball sailing towards deep fine leg for 1 run."
Pakistan 2nd Inning,15.6,15,6,Ollie Robinson,Azan Awais,0,no run,No,No,No,No,,"Dot ball !! fast ball,  good length,  on the stumps,  Azan Awais goes forward and dabs defensive shot with soft hands,  but the fielder is quick to react and thwarts the ball."
Pakistan 2nd Inning,15.5,15,5,Ollie Robinson,Azan Awais,0,no run,No,No,No,No,,"Dot ball !! fast ball,  good length,  on the off stump,  Azan Awais hangs in the crease and slash defensive shot towards short mid wicket,  but the fielder reacts promptly and blocks it right away."
Pakistan 2nd Inning,15.4,15,4,Ollie Robinson,Azan Awais,0,4 bye,No,No,No,Yes,bye,"Bye !! fast ball,  back of length,  on the leg stump,  Azan Awais hangs in the crease,  tries to swat pull,  but the ball sails past the batter,  eluding the keeper,  batter sneaks 4 runs off bye."
Pakistan 2nd Inning,15.3,15,3,Ollie Robinson,Azan Awais,0,no run,No,No,Yes,No,,"Dot ball !! outswinger,  good length,  on the stumps,  Azan Awais goes forward to make a room for himself,  but left it alone for the keeper to collect at the last moment."
Pakistan 2nd Inning,15.2,15,2,Ollie Robinson,Azan Awais,0,no run,No,No,No,No,,"Dot ball !! fast ball,  good length,  on the stumps,  Azan Awais goes forward,  tucks defensive shot toward the fielder at mid off,  who halts the ball."
Pakistan 2nd Inning,15.1,15,1,Ollie Robinson,Azan Awais,0,no run,No,No,No,No,,"Dot ball !! fast ball,  good length,  on the off stump,  Azan Awais goes forward,  dabs defensive shot with soft hands toward short cover,  but the fielder is quick to react,  thwarts the ball."
Pakistan 2nd Inning,14.6,14,6,Jofra Archer,Shan Masood,0,no run,No,No,Yes,No,,"Dot ball !! outswinger,  good length,  on the stumps,  Shan Masood hangs in the crease to the delivery,  letting it go to the keeper without offering a shot."
Pakistan 2nd Inning,14.5,14,5,Jofra Archer,Shan Masood,0,no run,No,No,No,No,,"Dot ball !! fast ball,  good length,  on the off stump,  Shan Masood hangs in the crease,  trying to hit defensive shot,  but the ball shapes away late,  beats the bat."
Pakistan 2nd Inning,14.4,14,4,Jofra Archer,Shan Masood,0,no run,No,No,No,No,,"Dot ball !! fast ball,  back of length,  on the stumps,  Shan Masood hangs in the crease to make a room for himself,  but left it alone for the keeper to collect at the last moment."
Pakistan 2nd Inning,14.3,14,3,Jofra Archer,Shan Masood,4,Four,Yes,No,No,No,,"Four !! fast ball,  good length,  on the off stump. Shan Masood goes forward,  hits drive in the gap towards deep cover,  and ball finds the ropes in a flash for four."
Pakistan 2nd Inning,14.2,14,2,Jofra Archer,Shan Masood,0,no run,No,No,No,No,,"Dot ball !! fast ball,  back of length,  on the stumps,  Shan Masood hangs in the crease and slash defensive shot towards point,  but the fielder reacts promptly and blocks it right away."
Pakistan 2nd Inning,14.1,14,1,Jofra Archer,Shan Masood,0,no run,No,No,Yes,No,,"Dot Ball !! outswinger,  good length,  on the stumps,  and Shan Masood hangs on and tries to hit defensive shot,  but misses it completely as ball beats the bat,  goes to the keeper."
Pakistan 2nd Inning,13.6,13,6,Ollie Robinson,Azan Awais,0,no run,No,No,No,No,,"Dot ball !! fast ball,  good length,  on the off stump,  Azan Awais goes forward and slash defensive shot towards short cover,  but the fielder reacts promptly and blocks it right away."
Pakistan 2nd Inning,13.5,13,5,Ollie Robinson,Azan Awais,0,no run,No,No,Yes,No,,"Dot Ball !! outswinger,  good length,  on the stumps,  and Azan Awais hangs on and tries to hit defensive shot,  but misses it completely as ball beats the bat,  goes to the keeper."
Pakistan 2nd Inning,13.4,13,4,Ollie Robinson,Azan Awais,0,no run,No,No,No,No,,"Dot ball !! fast ball,  good length,  on the off stump,  Azan Awais hangs in the crease and dabs defensive shot,  but the fielder reacts promptly and blocks it right away."
Pakistan 2nd Inning,13.3,13,3,Ollie Robinson,Azan Awais,0,no run,No,No,Yes,No,,"Dot ball !! outswinger,  good length,  on the off stump,  Azan Awais goes forward,  trying to hit defensive shot,  but the ball shapes away late,  beats the bat."
Pakistan 2nd Inning,13.2,13,2,Ollie Robinson,Azan Awais,0,no run,No,No,Yes,No,,"Dot ball !! ,  good length,  on the off stump,  Ollie Robinson sends down a delivery outside the off stump,  and Azan Awais hangs in the crease and watches it closely,  deciding to let ball go to the keeper."
Pakistan 2nd Inning,13.1,13,1,Ollie Robinson,Azan Awais,0,no run,No,No,Yes,No,,"Dot Ball !! outswinger,  good length,  on the off stump,  and Azan Awais hangs on and tries to hit defensive shot,  but misses it completely as ball beats the bat,  goes to the keeper."
Pakistan 2nd Inning,12.6,12,6,Jofra Archer,Shan Masood,0,no run,No,No,No,No,,"Dot ball !! fast ball,  short length,  on the off stump,  Shan Masood hangs in the crease,  trying to hit defensive shot,  but the ball shapes away late,  beats the bat."
Pakistan 2nd Inning,12.5,12,5,Jofra Archer,Shan Masood,0,no run,No,No,No,No,,"Dot ball !! fast ball,  back of length,  on the off stump,  Shan Masood hangs in the crease,  dabs defensive shot with soft hands toward short cover,  but the fielder is quick to react,  thwarts the ball."
Pakistan 2nd Inning,12.4,12,4,Jofra Archer,Shan Masood,2,2 runs,No,No,No,No,,"An accurately pitched fast ball on the stumps,  Shan Masood goes forward to make a confident flick shot,  sending the ball towards deep mid wicket for 2 runs."
Pakistan 2nd Inning,12.3,12,3,Jofra Archer,Shan Masood,0,no run,No,No,No,No,,"Dot ball !! fast ball,  back of length,  on the stumps,  Shan Masood goes back,  dabs pull with soft hands toward short mid wicket,  but the fielder is quick to react,  thwarts the ball."
Pakistan 2nd Inning,12.2,12,2,Jofra Archer,Shan Masood,0,no run,No,No,No,No,,"Dot ball !! fast ball,  good length,  on the stumps,  goes forward,  plays defensive shot."
Pakistan 2nd Inning,12.1,12,1,Jofra Archer,Shan Masood,4,Four,Yes,No,No,No,,"Four !! fast ball,  back of length,  on the stumps. Shan Masood goes back,  hits flick shot in the gap towards deep mid wicket,  and ball finds the ropes in a flash for four."
Pakistan 2nd Inning,11.6,11,6,Gus Atkinson,Azan Awais,0,no run,No,No,No,No,,"Dot ball !! fast ball,  full length,  on the stumps,  goes forward,  plays defensive shot."
Pakistan 2nd Inning,11.5,11,5,Gus Atkinson,Azan Awais,0,no run,No,No,No,No,,"Dot ball !! inswinger,  good length,  on the stumps,  Azan Awais goes forward,  tucks defensive shot toward the fielder at short mid wicket,  who halts the ball."
Pakistan 2nd Inning,11.4,11,4,Gus Atkinson,Azan Awais,4,Four,Yes,No,No,No,,"Four !! inswinger,  back of length,  on the off stump. Azan Awais goes forward and tries defensive shot,  edged!! in the gap towards deep fine leg,  and ball finds the ropes in a flash for four."
Pakistan 2nd Inning,11.3,11,3,Gus Atkinson,Shan Masood,1,1 run,No,No,No,No,,"Shan Masood hangs in the crease and plays a well-timed cut off an fast ball delivers at a good length by the bowler,  but the ball lands safely in the hands of the fielder at short cover for 1 run."
Pakistan 2nd Inning,11.2,11,2,Gus Atkinson,Shan Masood,0,no run,No,No,No,No,,"Dot ball !! fast ball,  back of length,  on the off stump,  Shan Masood hangs in the crease and slash cut towards short cover,  but the fielder reacts promptly and blocks it right away."
Pakistan 2nd Inning,11.1,11,1,Gus Atkinson,Azan Awais,1,1 run,No,No,No,No,,"An accurately pitched fast ball on the off stump,  Azan Awais goes forward to make a confident defensive shot,  sending the ball towards short cover for 1 run."
Pakistan 2nd Inning,10.6,10,6,Ollie Robinson,Shan Masood,0,no run,No,No,No,No,,"Dot ball !! fast ball,  good length,  on the stumps,  Shan Masood goes forward,  tucks defensive shot toward the fielder at short mid wicket,  who halts the ball."
Pakistan 2nd Inning,10.5,10,5,Ollie Robinson,Shan Masood,0,no run,No,No,No,No,,"Dot ball !! fast ball,  good length,  on the off stump,  Shan Masood goes forward and slash defensive shot towards mid off,  but the fielder reacts promptly and blocks it right away."
Pakistan 2nd Inning,10.4,10,4,Ollie Robinson,Shan Masood,0,no run,No,No,No,No,,"Dot ball !! inswinger,  good length,  on the off stump,  Shan Masood goes forward and dabs defensive shot with soft hands,  but the fielder is quick to react and thwarts the ball."
Pakistan 2nd Inning,10.3,10,3,Ollie Robinson,Shan Masood,0,no run,No,No,No,No,,"Dot ball !! fast ball,  good length,  on the stumps,  Shan Masood goes back,  dabs defensive shot with soft hands toward square leg,  but the fielder is quick to react,  thwarts the ball."
Pakistan 2nd Inning,10.2,10,2,Ollie Robinson,Shan Masood,0,no run,No,No,No,No,,"Dot ball !! fast ball,  good length,  on the stumps,  goes forward,  plays defensive shot to the mid on."
Pakistan 2nd Inning,10.1,10,1,Ollie Robinson,Shan Masood,0,no run,No,No,No,No,,"Dot ball !! inswinger,  good length,  on the leg stump,  Ollie Robinson bowls a sharp delivery,  and Shan Masood goes forward to defend the ball,  but the ball nips away and beats the bat,  leaving the batter stranded."
Pakistan 2nd Inning,9.6,9,6,Gus Atkinson,Azan Awais,0,no run,No,No,No,No,,"Dot ball !! fast ball,  full length,  on the off stump,  goes forward,  plays defensive shot to the short cover."
Pakistan 2nd Inning,9.5,9,5,Gus Atkinson,Azan Awais,4,Four,Yes,No,Yes,No,,"Four !! outswinger,  back of length,  on the off stump. Azan Awais goes back and tries cut,  edged!! in the gap towards third man,  and ball finds the ropes in a flash for four."
Pakistan 2nd Inning,9.4,9,4,Gus Atkinson,Shan Masood,1,1 run,No,No,Yes,No,,"Shan Masood goes back to take outswinger of good length aimed on the off stump,  executing a textbook cut,  edged!! and the ball sails towards slip for 1 run. Dropped catch"
Pakistan 2nd Inning,9.3,9,3,Gus Atkinson,Azan Awais,1,1 run,No,No,No,No,,"Azan Awais goes forward and plays a well-timed defensive shot off an fast ball delivers at a good length by the bowler,  but the ball lands safely in the hands of the fielder at short cover for 1 run."
Pakistan 2nd Inning,9.2,9,2,Gus Atkinson,Azan Awais,0,no run,No,No,Yes,No,,"Dot Ball !! outswinger,  back of length,  on the off stump,  and Azan Awais hangs on and tries to hit defensive shot,  but misses it completely as ball beats the bat,  goes to the keeper."
Pakistan 2nd Inning,9.1,9,1,Gus Atkinson,Shan Masood,1,1 run,No,No,No,No,,"fast ball,  good length,  on the stumps,  goes forward,  plays defensive shot,  towards the short cover for 1 run."
Pakistan 2nd Inning,8.6,8,6,Ollie Robinson,Azan Awais,0,no run,No,No,Yes,No,,"Dot ball !! outswinger,  good length,  on the stumps,  Azan Awais goes forward,  dabs defensive shot with soft hands toward slip,  but the fielder is quick to react,  thwarts the ball."
Pakistan 2nd Inning,8.5,8,5,Ollie Robinson,Azan Awais,0,no run,No,No,No,No,,"Dot ball !! fast ball,  good length,  on the stumps,  Azan Awais goes forward and slash defensive shot towards short mid wicket,  but the fielder reacts promptly and blocks it right away."
Pakistan 2nd Inning,8.4,8,4,Ollie Robinson,Azan Awais,0,no run,No,No,No,No,,"Dot ball !! fast ball,  good length,  on the stumps,  goes forward,  plays defensive shot to the short mid wicket."
Pakistan 2nd Inning,8.3,8,3,Ollie Robinson,Azan Awais,0,no run,No,No,No,No,,"Dot ball !! fast ball,  good length,  on the stumps,  goes forward,  plays defensive shot to the mid on."
Pakistan 2nd Inning,8.2,8,2,Ollie Robinson,Shan Masood,1,1 run,No,No,No,No,,"An accurately pitched fast ball on the stumps,  Shan Masood goes back to make a confident defensive shot,  sending the ball towards short mid wicket for 1 run."
Pakistan 2nd Inning,8.1,8,1,Ollie Robinson,Shan Masood,0,no run,No,No,No,No,,Ollie Robinson begins the over with a dot as the batter defends safely.
Pakistan 2nd Inning,7.6,7,6,Gus Atkinson,Shan Masood,1,1 run,No,No,No,No,,"Shan Masood goes forward to take fast ball of good length aimed on the stumps,  executing a confident defensive shot that sent the ball sailing towards short cover for 1 run."
Pakistan 2nd Inning,7.5,7,5,Gus Atkinson,Shan Masood,2,2 runs,No,No,Yes,No,,"An accurately pitched outswinger on the off stump,  Shan Masood goes back to make a confident cut,  sending the ball towards deep cover for 2 runs."
Pakistan 2nd Inning,7.4,7,4,Gus Atkinson,Shan Masood,0,no run,No,No,Yes,No,,"Dot ball !! outswinger,  back of length,  on the stumps,  Shan Masood goes forward,  dabs defensive shot with soft hands toward mid off,  but the fielder is quick to react,  thwarts the ball."
Pakistan 2nd Inning,7.3,7,3,Gus Atkinson,Shan Masood,0,no run,No,No,No,No,,"Dot ball !! fast ball,  full length,  on the stumps,  Shan Masood goes forward,  dabs flick shot with soft hands toward short mid wicket,  but the fielder is quick to react,  thwarts the ball."
Pakistan 2nd Inning,7.2,7,2,Gus Atkinson,Shan Masood,0,no run,No,No,No,No,,"Dot ball !! inswinger, good length,  on the off stump,  Shan Masood hangs in the crease and tucks defensive shot toward the fielder,  who halts the ball."
Pakistan 2nd Inning,7.1,7,1,Gus Atkinson,Shan Masood,0,no run,No,No,Yes,No,,"Dot ball !! outswinger,  back of length,  on the stumps,  Gus Atkinson sends down a delivery outside the stumps,  and Shan Masood hangs in the crease and watches it closely,  deciding to let ball go to the keeper."
Pakistan 2nd Inning,6.6,6,6,Ollie Robinson,Azan Awais,0,no run,No,No,Yes,No,,"Dot Ball !! outswinger,  full length,  on the off stump,  and Azan Awais hangs on and tries to hit defensive shot,  but misses it completely as ball beats the bat,  goes to the keeper."
Pakistan 2nd Inning,6.5,6,5,Ollie Robinson,Shan Masood,1,1 run,No,No,No,No,,"Shan Masood goes forward to take fast ball of good length aimed on the stumps,  executing a confident flick shot that sent the ball sailing towards deep mid wicket for 1 run."
Pakistan 2nd Inning,6.4,6,4,Ollie Robinson,Shan Masood,4,Four,Yes,No,No,No,,Ollie Robinson lands it on a good length around off stump. Shan Masood finds the gap and collects four runs to the fence.
Pakistan 2nd Inning,6.3,6,3,Ollie Robinson,Azan Awais,1,1 run,No,No,No,No,,"Azan Awais goes forward and plays a well-timed flick shot off an fast ball delivers at a full length by the bowler,  but the ball lands safely in the hands of the fielder at deep square leg for 1 run."
Pakistan 2nd Inning,6.2,6,2,Ollie Robinson,Azan Awais,0,no run,No,No,No,No,,"Dot ball !! inswinger,  good length,  on the off stump,  Azan Awais goes forward,  tucks defensive shot toward the fielder at short mid wicket,  who halts the ball."
Pakistan 2nd Inning,6.1,6,1,Ollie Robinson,Shan Masood,1,1 run,No,No,Yes,No,,"Shan Masood goes forward to take outswinger of good length aimed on the stumps,  executing a textbook defensive shot,  edged!! and the ball sails towards third man for 1 run."
Pakistan 2nd Inning,5.6,5,6,Jofra Archer,Azan Awais,0,no run,No,No,No,No,,"Dot ball !! fast ball,  full length,  on the stumps,  goes forward,  plays flick shot to the short mid wicket."
Pakistan 2nd Inning,5.5,5,5,Jofra Archer,Shan Masood,1,1 run,No,No,Yes,No,,"Shan Masood goes back and plays a well-timed defensive shot off an outswinger delivers at a good length by the bowler,  but the ball lands safely in the hands of the fielder at short cover for 1 run."
Pakistan 2nd Inning,5.4,5,4,Jofra Archer,Shan Masood,0,no run,No,No,No,No,,"Dot ball !! fast ball,  full length,  on the off stump,  Shan Masood goes forward,  tucks defensive shot toward the fielder at mid on,  who halts the ball."
Pakistan 2nd Inning,5.3,5,3,Jofra Archer,Shan Masood,0,2 bye,No,No,No,Yes,bye,"Bye !! inswinger,  back of length,  on the stumps,  Shan Masood goes back,  tries to swat it,  but the ball sails past the batter,  eluding the keeper,  batter sneaks 2 runs off bye."
Pakistan 2nd Inning,5.2,5,2,Jofra Archer,Shan Masood,0,no run,No,No,No,No,,"Dot ball !! inswinger,  good length,  on the stumps,  Shan Masood goes forward,  tucks flick shot toward the fielder at short mid wicket,  who halts the ball."
Pakistan 2nd Inning,5.1,5,1,Jofra Archer,Azan Awais,1,1 run,No,No,No,No,,"Azan Awais goes back and plays a well-timed flick shot off an fast ball delivers at a back of length by the bowler,  but the ball lands safely in the hands of the fielder at deep square leg for 1 run."
Pakistan 2nd Inning,4.6,4,6,Ollie Robinson,Shan Masood,0,no run,No,No,No,No,,"Dot ball !! fast ball,  full length,  on the off stump,  Shan Masood goes forward,  dabs defensive shot with soft hands toward mid on,  but the fielder is quick to react,  thwarts the ball."
Pakistan 2nd Inning,4.5,4,5,Ollie Robinson,Shan Masood,0,no run,No,No,Yes,No,,"Dot Ball !! outswinger,  good length,  on the off stump,  and Shan Masood hangs on and tries to hit defensive shot,  but misses it completely as ball beats the bat,  goes to the keeper."
Pakistan 2nd Inning,4.4,4,4,Ollie Robinson,Shan Masood,0,no run,No,No,No,No,,"Dot ball !! inswinger,  good length,  on the off stump,  goes forward,  tried defensive shot but fails to get bat on it."
Pakistan 2nd Inning,4.3,4,3,Ollie Robinson,Shan Masood,0,no run,No,No,No,No,,"Dot ball !! inswinger,  good length,  on the off stump,  Shan Masood goes forward and slash defensive shot towards mid off,  but the fielder reacts promptly and blocks it right away."
Pakistan 2nd Inning,4.2,4,2,Ollie Robinson,Shan Masood,0,no run,No,No,No,No,,"Dot ball !! fast ball,  good length,  on the off stump,  Shan Masood goes forward and slash defensive shot towards point,  but the fielder reacts promptly and blocks it right away."
Pakistan 2nd Inning,4.1,4,1,Ollie Robinson,Shan Masood,0,no run,No,No,Yes,No,,"Dot Ball !! outswinger,  good length,  on the off stump,  and Shan Masood hangs on and tries to hit defensive shot,  but misses it completely as ball beats the bat,  goes to the keeper."
Pakistan 2nd Inning,3.6,3,6,Jofra Archer,Azan Awais,4,Four,Yes,No,No,No,,"Four !! fast ball,  full length,  on the off stump. Azan Awais goes forward,  hits drive in the gap towards deep cover,  and ball finds the ropes in a flash for four."
Pakistan 2nd Inning,3.5,3,5,Jofra Archer,Azan Awais,0,no run,No,No,No,No,,"Dot ball !! fast ball,  good length,  on the off stump,  Azan Awais goes forward,  dabs defensive shot with soft hands toward point,  but the fielder is quick to react,  thwarts the ball."
Pakistan 2nd Inning,3.4,3,4,Jofra Archer,Azan Awais,0,no run,No,No,Yes,No,,"Dot ball !! outswinger,  good length,  on the stumps,  Azan Awais goes forward,  tucks defensive shot toward the fielder at slip,  who halts the ball."
Pakistan 2nd Inning,3.3,3,3,Jofra Archer,Azan Awais,0,no run,No,No,Yes,No,,"Dot ball !! outswinger,  back of length,  on the stumps,  Azan Awais hangs in the crease to make a room for himself,  but left it alone for the keeper to collect at the last moment."
Pakistan 2nd Inning,3.2,3,2,Jofra Archer,Azan Awais,0,no run,No,No,No,No,,"Dot ball !! inswinger,  good length,  on the off stump,  Azan Awais goes forward and slash defensive shot towards mid off,  but the fielder reacts promptly and blocks it right away."
Pakistan 2nd Inning,3.1,3,1,Jofra Archer,Azan Awais,0,no run,No,No,No,No,,"Dot ball !! fast ball,  fulltoss,  on the off stump,  Azan Awais goes forward,  tucks defensive shot toward the fielder at mid on,  who halts the ball."
Pakistan 2nd Inning,2.6,2,6,Ollie Robinson,Azan Awais,1,1 run,No,No,No,No,,"An accurately pitched inswinger on the stumps,  Azan Awais goes forward to make a confident flick shot,  sending the ball towards short mid wicket for 1 run."
Pakistan 2nd Inning,2.5,2,5,Ollie Robinson,Shan Masood,1,1 run,No,No,No,No,,"Shan Masood goes forward to take inswinger of good length aimed on the off stump,  executing a confident defensive shot that sent the ball sailing towards short cover for 1 run."
Pakistan 2nd Inning,2.4,2,4,Ollie Robinson,Shan Masood,0,no run,No,No,No,No,,"Dot ball !! inswinger,  good length,  on the off stump,  Shan Masood goes forward and dabs defensive shot,  but the fielder reacts promptly and blocks it right away."
Pakistan 2nd Inning,2.3,2,3,Ollie Robinson,Shan Masood,0,no run,No,No,Yes,No,,"Dot ball !! outswinger,  good length,  on the off stump,  Shan Masood goes forward,  tucks defensive shot toward the fielder at point,  who halts the ball."
Pakistan 2nd Inning,2.2,2,2,Ollie Robinson,Shan Masood,0,no run,No,No,Yes,No,,"Dot Ball !! outswinger,  good length,  on the off stump,  and Shan Masood hangs on and tries to hit defensive shot,  but misses it completely as ball beats the bat,  goes to the keeper."
Pakistan 2nd Inning,2.1,2,1,Ollie Robinson,Shan Masood,0,no run,No,No,No,No,,"Dot ball !! inswinger,  good length,  on the stumps,  Shan Masood goes forward and dabs defensive shot,  but the fielder reacts promptly and blocks it right away."
Pakistan 2nd Inning,1.6,1,6,Jofra Archer,Azan Awais,4,Four,Yes,No,Yes,No,,"Jofra Archer runs in to bowl, and Azan Awais finds the fence to collect four runs. The ball races away to close out the over."
Pakistan 2nd Inning,1.5,1,5,Jofra Archer,Azan Awais,0,no run,No,No,No,No,,"Dot ball !! inswinger, good length,  on the stumps,  Azan Awais goes forward and tucks defensive shot toward the fielder,  who halts the ball."
Pakistan 2nd Inning,1.4,1,4,Jofra Archer,Azan Awais,0,no run,No,No,Yes,No,,"Dot ball !! outswinger,  good length,  on the off stump,  Jofra Archer sends down a delivery outside the off stump,  and Azan Awais hangs in the crease and watches it closely,  deciding to let ball go to the keeper."
Pakistan 2nd Inning,1.3,1,3,Jofra Archer,Azan Awais,4,Four,Yes,No,No,No,,"Four !! inswinger,  good length,  on the stumps. Azan Awais goes forward,  hits flick shot in the gap towards deep mid wicket,  and ball finds the ropes in a flash for four."
Pakistan 2nd Inning,1.2,1,2,Jofra Archer,Azan Awais,0,no run,No,No,No,No,,"Dot ball !! inswinger,  good length,  on the off stump,  Azan Awais goes forward and slash defensive shot towards short cover,  but the fielder reacts promptly and blocks it right away."
Pakistan 2nd Inning,1.1,1,1,Jofra Archer,Azan Awais,4,Four,Yes,No,No,No,,"Jofra Archer begins the over, and Azan Awais finds the fence to collect four runs. The ball races away cleanly to open his account."
Pakistan 2nd Inning,0.6,0,6,Ollie Robinson,Shan Masood,0,no run,No,No,No,No,,"Dot ball !! inswinger,  good length,  on the off stump,  Shan Masood goes forward and dabs defensive shot with soft hands,  but the fielder is quick to react and thwarts the ball."
Pakistan 2nd Inning,0.5,0,5,Ollie Robinson,Shan Masood,0,no run,No,No,No,No,,Ollie Robinson delivers another dot as the batter defends safely.
Pakistan 2nd Inning,0.3,0,3,Ollie Robinson,Abdullah Shafique,0,no run,No,No,No,No,,"Dot ball !! inswinger,  full length,  on the off stump,  Abdullah Shafique goes forward,  dabs defensive shot with soft hands toward mid off,  but the fielder is quick to react,  thwarts the ball."
Pakistan 2nd Inning,0.2,0,2,Ollie Robinson,Abdullah Shafique,0,no run,No,No,No,No,,"Dot ball !! inswinger,  full length,  on the off stump,  Abdullah Shafique goes forward,  tucks defensive shot toward the fielder at mid on,  who halts the ball."
